training/actor/actor_loss,training/actor/bc_flow_loss,training/actor/distill_loss,training/actor/mse,training/actor/q,training/actor/q_loss,training/critic/critic_loss,training/critic/q_max,training/critic/q_mean,training/critic/q_min,training/grad/max,training/grad/min,training/grad/norm,validation/actor/actor_loss,validation/actor/bc_flow_loss,validation/actor/distill_loss,validation/actor/mse,validation/actor/q,validation/actor/q_loss,validation/critic/critic_loss,validation/critic/q_max,validation/critic/q_mean,validation/critic/q_min,time/epoch_time,time/total_time,step
24.878256,0.44779938,0.019872835,0.18272999,-24.231728,24.231728,0.14225283,-0.68225145,-24.265928,-26.014296,3.5415475,-2.6235242,33.506264,24.874252,0.47249815,0.019758642,0.19372612,-24.204168,24.204168,1.4759581,-0.67375445,-24.194992,-26.523323,0.017158065128326416,85.79033589363098,5000
42.347652,0.36699498,0.020619811,0.1536119,-41.77446,41.77446,0.16172044,-1.318765,-41.812065,-44.38889,1.3148382,-1.2142694,22.343805,42.11592,0.44543338,0.02049644,0.18389098,-41.465523,41.465523,0.17004353,-1.2230432,-41.519356,-44.30703,0.002603319311141968,98.80693888664246,10000
55.03862,0.43469205,0.01956912,0.1815376,-54.408237,54.408237,0.38229746,-1.197736,-54.475304,-57.61114,2.6103287,-3.5035195,32.875053,54.99441,0.44773525,0.01843803,0.15670907,-54.362297,54.362297,0.41356227,-5.2488956,-54.461075,-57.621094,0.0025697834491729735,111.65586113929749,15000
64.79165,0.42699558,0.01471574,0.14862905,-64.2175,64.2175,0.21953192,-0.59442824,-64.24385,-68.09163,2.9595623,-4.686962,38.789463,64.74797,0.434199,0.017293533,0.16455942,-64.14084,64.14084,0.5178695,-7.8140464,-64.24559,-68.1295,0.002587589406967163,124.59381294250488,20000
73.67604,0.38695467,0.013229076,0.11897616,-73.15679,73.15679,0.09050602,-0.5885755,-73.251945,-75.764885,1.131507,-1.7884561,17.463182,73.3598,0.3987766,0.015174458,0.14328474,-72.80928,72.80928,0.49701756,-1.3227419,-72.83983,-75.83516,0.002629729747772217,137.7424669265747,25000
78.726456,0.34623078,0.0139788585,0.13201055,-78.24043,78.24043,0.3141108,-5.0524964,-78.320465,-81.42504,6.8216505,-3.299693,40.69148,78.574814,0.40499306,0.013059127,0.13468225,-78.03923,78.03923,0.31464797,-0.63160866,-78.04849,-81.60433,0.00270201735496521,151.2525589466095,30000
83.07827,0.44801772,0.012865953,0.12415564,-82.501595,82.501595,0.41933948,-0.29039174,-82.55355,-86.17779,5.798985,-4.31531,47.86993,83.00243,0.41356552,0.014084809,0.12784423,-82.44802,82.44802,0.25050747,0.8156538,-82.50286,-86.21886,0.0027705359935760497,165.10524487495422,35000
86.81749,0.38928407,0.014412899,0.12688418,-86.28407,86.28407,0.22840595,-0.06483047,-86.34979,-89.82259,2.2853656,-1.0237306,19.449976,86.82131,0.43415564,0.014999958,0.14515984,-86.23716,86.23716,0.58982974,-0.7210925,-86.287636,-89.74502,0.00281525993347168,179.18155002593994,40000
89.19868,0.35671407,0.014702145,0.12506673,-88.69494,88.69494,0.35205325,-9.480048,-88.76141,-92.571884,4.9173355,-4.579292,36.601868,85.94741,0.43081748,0.017020125,0.13488668,-85.34639,85.34639,0.73956776,-0.08475727,-85.50861,-92.53061,0.002848440980911255,193.42375993728638,45000
89.619225,0.36039275,0.014268176,0.11525925,-89.11615,89.11615,0.5073549,-2.4918542,-89.20558,-94.89052,7.452664,-2.9159303,49.32123,87.9247,0.3852213,0.021040998,0.1333349,-87.32906,87.32906,1.0737634,-0.24076912,-87.49837,-95.00055,0.002873603630065918,207.79178428649902,50000
92.101295,0.35105008,0.019211277,0.12749568,-91.558136,91.558136,0.30652845,-8.860727,-91.690155,-96.62255,1.0285068,-1.575391,18.03886,91.41424,0.36027738,0.016470855,0.11872991,-90.88925,90.88925,0.27723134,-0.44919598,-90.96993,-96.7717,0.0028910410404205324,222.24699449539185,55000
91.26753,0.35876518,0.015922913,0.12082146,-90.749535,90.749535,0.2829621,-0.4987027,-90.8815,-98.08766,2.2817295,-1.5333931,24.745361,89.99795,0.41768372,0.017745083,0.1349326,-89.40282,89.40282,0.20294207,-0.33456945,-89.51297,-98.072586,0.00290185866355896,236.75629353523254,60000
90.718864,0.3942626,0.01648428,0.11889666,-90.15976,90.15976,0.25559437,-1.9497094,-90.30196,-99.95002,1.4379933,-0.74381334,18.055502,90.36841,0.3858623,0.01730272,0.11966665,-89.80952,89.80952,0.34302315,0.15648529,-89.89582,-99.52045,0.0029134780406951904,251.32368922233582,65000
91.58802,0.3742525,0.016225653,0.11480226,-91.05151,91.05151,0.24568725,-3.0932505,-91.16881,-101.73037,1.1938316,-2.4487786,23.580215,91.033005,0.36684296,0.018373907,0.12413364,-90.48242,90.48242,0.23633504,-0.3200116,-90.62962,-100.33257,0.002926606512069702,265.9567267894745,70000
91.9216,0.3536749,0.016259179,0.10720815,-91.405334,91.405334,0.23239887,-0.879918,-91.51085,-103.897606,0.9762912,-0.5045464,15.383356,91.77889,0.36558455,0.019210402,0.12882225,-91.22121,91.22121,0.56897324,-0.6352799,-91.34169,-102.357666,0.002938733959197998,280.6504018306732,75000
92.28463,0.33015072,0.013791416,0.10791977,-91.81657,91.81657,0.21934164,-0.3464046,-91.93976,-101.284294,1.0738988,-3.9716365,28.142765,91.62123,0.38707352,0.017559893,0.12122846,-91.058556,91.058556,0.24570872,0.2244091,-91.18558,-101.155266,0.002942381763458252,295.36231660842896,80000
91.46022,0.37028638,0.018098388,0.12612174,-90.90895,90.90895,0.24648225,-10.217425,-91.04195,-104.4848,1.0034035,-0.9254688,16.54357,91.95353,0.3309405,0.015951809,0.12398109,-91.46307,91.46307,0.50930226,-3.991885,-91.576126,-105.13953,0.0029448620796203614,310.0866322517395,85000
93.930084,0.29279718,0.016200794,0.11483597,-93.47528,93.47528,0.22051689,-45.405186,-93.62087,-104.57484,0.919846,-3.3481293,23.937304,93.41899,0.38787764,0.0162538,0.1287558,-92.868576,92.868576,0.2848779,-0.46260893,-92.9787,-103.62507,0.0029477546215057374,324.82541060447693,90000
92.98247,0.36940062,0.014604332,0.1261721,-92.467026,92.467026,0.18348606,-2.168758,-92.568985,-104.74821,1.3134401,-1.2177334,18.103676,91.794174,0.40978584,0.019006755,0.13410029,-91.19432,91.19432,0.53881943,1.1154654,-91.35142,-105.3289,0.0029591951370239256,339.62140345573425,95000
92.74251,0.36812,0.018090632,0.113291726,-92.19348,92.19348,0.23167303,-0.5959656,-92.28825,-102.61511,1.2692156,-0.92392915,18.628935,90.755646,0.33370432,0.019251801,0.110981055,-90.22942,90.22942,0.49742386,0.15156965,-90.34071,-104.942566,0.0029568228244781494,354.4055230617523,100000
93.95833,0.3617322,0.016669488,0.1136856,-93.4299,93.4299,0.39114028,-23.624329,-93.53104,-109.08038,2.4224627,-5.57373,37.172092,92.25237,0.33684337,0.018870112,0.13165447,-91.72683,91.72683,0.6712106,-0.9704093,-91.905106,-105.63479,0.013550218772888183,422.15662121772766,105000
93.81197,0.37328583,0.016628832,0.11375813,-93.2724,93.2724,0.20662613,-0.5895615,-93.37392,-109.141525,1.9118011,-0.87963414,19.095966,92.807846,0.35441494,0.01767108,0.11615244,-92.27672,92.27672,0.25017694,0.51910007,-92.39844,-103.68448,0.002650722599029541,435.4102396965027,110000
93.93002,0.3559394,0.016925335,0.10830316,-93.40483,93.40483,0.3023704,-0.7007293,-93.545364,-108.28852,2.060757,-1.4811952,28.451288,93.612114,0.3770758,0.015158774,0.12281983,-93.08345,93.08345,0.40870476,-8.886308,-93.2186,-106.28796,0.0027880519866943358,449.3505046367645,115000
93.91086,0.3431526,0.015602901,0.11627655,-93.411674,93.411674,0.27068985,0.86151075,-93.53148,-106.195694,1.5070153,-1.4532801,18.202341,92.78734,0.35767463,0.0166726,0.1125315,-92.26294,92.26294,0.7114935,-0.4016306,-92.44673,-106.65145,0.002873872995376587,463.7198762893677,120000
93.71896,0.3770444,0.01701314,0.10755451,-93.17179,93.17179,0.37943837,0.21799943,-93.2728,-111.64561,2.8832288,-2.0743375,33.10742,92.90415,0.38265467,0.022122752,0.12091837,-92.30027,92.30027,0.5206123,0.15783836,-92.3898,-106.88023,0.0029130507469177246,478.28513622283936,125000
94.96569,0.37008214,0.014300333,0.098671235,-94.45261,94.45261,0.1313833,-23.538645,-94.54254,-112.80302,0.8703764,-0.74801636,13.997333,93.1733,0.30969432,0.015784431,0.119122595,-92.705765,92.705765,0.31032777,-0.26505697,-92.81835,-106.12387,0.002938226509094238,492.97627353668213,130000
93.180756,0.33465272,0.017669862,0.113538176,-92.6694,92.6694,0.21040265,0.790943,-92.802986,-105.86092,2.5759442,-1.6660616,23.009111,92.53349,0.37477046,0.01629175,0.105059184,-91.995804,91.995804,0.52310324,0.3861549,-92.08702,-106.308426,0.002955492877960205,507.75374388694763,135000
92.33675,0.317967,0.015903752,0.09912334,-91.85974,91.85974,0.20911136,0.21075782,-92.003,-107.38181,2.286901,-0.618222,21.823696,94.054985,0.40186864,0.017907202,0.11711554,-93.474045,93.474045,0.45852822,-0.6804811,-93.57511,-104.869415,0.0029614111423492432,522.5608062744141,140000
94.23599,0.3410291,0.015036633,0.110563844,-93.7446,93.7446,0.10604128,-22.773163,-93.8305,-107.77158,0.4916469,-0.79824835,13.184269,93.37818,0.3622599,0.018672265,0.118987784,-92.8292,92.8292,0.33623534,-0.54786325,-92.95217,-104.9909,0.0029671687126159667,537.3966553211212,145000
91.46482,0.38177866,0.016044758,0.101279855,-90.92259,90.92259,0.22064033,0.012179226,-90.99177,-108.5813,3.0094924,-0.9841968,25.533438,93.88789,0.39384478,0.02008443,0.11975179,-93.293205,93.293205,0.6432667,-43.758465,-93.40635,-104.30911,0.002972930574417114,552.2613141536713,150000
93.81331,0.34225345,0.019005073,0.11302106,-93.281006,93.281006,0.1542776,-0.6095803,-93.45656,-103.69924,2.4366753,-1.8129734,19.993908,92.30792,0.32613787,0.018642293,0.11628076,-91.795364,91.795364,0.40747613,-0.43155015,-91.89356,-104.45471,0.0029715757369995115,567.1191983222961,155000
93.894516,0.35236388,0.017633565,0.11009757,-93.365814,93.365814,0.1946828,0.020091861,-93.50258,-113.14821,1.3851392,-5.3215847,35.081863,93.52676,0.34061527,0.018606598,0.12763593,-93.00008,93.00008,0.26440373,0.18345796,-93.085144,-104.1913,0.0029786614418029784,582.0125110149384,160000
92.63954,0.3433199,0.016255626,0.108741544,-92.13367,92.13367,0.22559747,0.08279969,-92.221245,-106.444016,1.2164142,-3.7360072,26.578201,91.73874,0.35906336,0.016164992,0.108583815,-91.218025,91.218025,0.16881815,-0.10302402,-91.31642,-104.58442,0.002973897695541382,596.8820052146912,165000
94.70545,0.3501959,0.015037476,0.09619644,-94.20488,94.20488,0.18222871,0.20932253,-94.326805,-111.91218,1.9642606,-0.8239796,17.687332,92.52978,0.4002563,0.01702476,0.12686169,-91.959274,91.959274,0.25971398,0.19751668,-92.02968,-105.755585,0.0029621111392974853,611.6925659179688,170000
93.62978,0.31170413,0.016696984,0.11851157,-93.15111,93.15111,0.22375692,-0.2858226,-93.29112,-103.53125,4.496622,-0.81462,23.179422,91.25016,0.33523923,0.018313898,0.10445331,-90.73178,90.73178,0.36697456,-0.15935768,-90.91347,-104.383736,0.002959715032577515,626.4911463260651,175000
94.07709,0.29814458,0.01638899,0.10529695,-93.61505,93.61505,0.11510434,0.21163213,-93.7417,-106.72643,1.7900577,-1.258652,16.187248,93.55065,0.3623773,0.021449035,0.1423583,-92.973785,92.973785,0.38872737,-0.07092117,-93.10193,-105.188835,0.0029466283321380616,641.2242932319641,180000
93.57319,0.32658613,0.01365836,0.10872768,-93.110016,93.110016,0.2244129,-0.30257344,-93.19142,-103.72037,2.1150775,-0.83211005,22.19186,92.8934,0.36212325,0.017667253,0.122164786,-92.35461,92.35461,0.2900344,1.1074272,-92.424736,-104.34713,0.002949043607711792,655.9695162773132,185000
94.79405,0.3554616,0.018509477,0.12816893,-94.253494,94.253494,0.23128834,-0.023977458,-94.33281,-110.11427,3.0585663,-1.1089538,22.138145,92.8246,0.35062328,0.016878584,0.10347043,-92.30519,92.30519,0.4205747,-2.4420447,-92.41749,-104.981285,0.002938541841506958,670.6622319221497,190000
93.59319,0.3115458,0.01456628,0.09209119,-93.13599,93.13599,0.21519236,-12.317597,-93.2395,-105.86054,2.3919168,-1.270464,19.83412,93.97262,0.38916302,0.018610494,0.11947197,-93.39735,93.39735,0.365357,-15.407739,-93.489586,-104.73924,0.002933236646652222,685.3284204006195,195000
93.858604,0.34575686,0.01677902,0.094360635,-93.345055,93.345055,0.1738429,-10.961547,-93.49243,-105.78738,0.6972647,-1.3981698,15.1860485,94.00892,0.33810037,0.017894814,0.10822222,-93.49187,93.49187,0.2720554,-0.42998707,-93.644806,-104.73572,0.0029305242538452147,699.9810471534729,200000
94.40835,0.29788905,0.018097911,0.102390826,-93.92948,93.92948,0.206736,0.2429324,-94.03194,-108.43228,0.7197827,-1.8819542,17.085419,93.72597,0.3334801,0.019056845,0.11610991,-93.20192,93.20192,0.18529391,-21.559319,-93.32034,-105.09991,0.013340329599380493,766.6827006340027,205000
94.648636,0.3454436,0.015495008,0.123817265,-94.14824,94.14824,0.22655645,-0.6584667,-94.25964,-107.5755,1.1667163,-0.73075974,16.9107,92.4201,0.39564902,0.019735869,0.10648471,-91.82709,91.82709,0.5523542,0.3769921,-91.95591,-104.73659,0.0026650114536285402,780.007762670517,210000
94.72366,0.36976552,0.014251665,0.098646045,-94.21138,94.21138,0.086130306,-3.816718,-94.2931,-106.36428,1.104757,-0.39761057,13.52747,93.35418,0.37356168,0.017364912,0.09691138,-92.80697,92.80697,0.24428971,0.0155594945,-92.91812,-104.13408,0.0028081212997436524,794.0483746528625,215000
94.73619,0.341468,0.015175901,0.10811436,-94.242966,94.242966,0.17143516,-30.213406,-94.37799,-104.768295,1.2005723,-0.7011786,13.98419,90.88448,0.3979975,0.016395934,0.115430444,-90.322525,90.322525,0.62375265,0.09958087,-90.43159,-104.91056,0.002893305492401123,808.5149073600769,220000
92.848404,0.33043444,0.013690237,0.10735215,-92.381065,92.381065,0.345594,-0.80709,-92.47324,-103.93719,1.088017,-4.911511,34.480152,93.27097,0.39829835,0.015445606,0.10597191,-92.718216,92.718216,0.6882932,0.85635376,-92.803055,-104.3914,0.0029305007934570314,823.1674168109894,225000
92.54672,0.3412889,0.014695189,0.098216474,-92.05848,92.05848,0.14454745,0.45629466,-92.15388,-105.84474,2.3043876,-0.8722415,17.511024,93.20743,0.42087534,0.018210717,0.12165597,-92.60445,92.60445,0.25777957,0.44110793,-92.74124,-104.2588,0.002954567527770996,837.9402599334717,230000
92.77573,0.31713545,0.020086315,0.11161661,-92.25773,92.25773,0.19931144,-4.438933,-92.39066,-104.86423,1.7485042,-1.9335871,19.92978,92.19895,0.35573053,0.023503356,0.12662528,-91.608185,91.608185,0.3847577,-0.0049759,-91.77324,-104.10625,0.0029606948852539065,852.7437400817871,235000
91.82925,0.35994154,0.016657105,0.10558812,-91.302734,91.302734,0.2596646,-0.20356993,-91.4259,-106.56053,1.211589,-2.8347917,23.356777,92.17645,0.39712754,0.018597241,0.09503641,-91.59335,91.59335,0.3626619,-1.2707547,-91.74217,-103.63392,0.0029702913761138917,867.5952022075653,240000
95.180756,0.33196574,0.0146013675,0.10460769,-94.702774,94.702774,0.11910769,-0.23713522,-94.80855,-104.590096,0.52658266,-2.4596655,17.687628,92.07008,0.34363335,0.021789536,0.11622162,-91.50855,91.50855,0.3893074,-1.4932266,-91.66158,-104.55231,0.0029737276554107667,882.4638452529907,245000
93.13552,0.32342,0.015778985,0.10163058,-92.65431,92.65431,0.10625134,0.052168578,-92.773705,-103.18159,0.6606797,-1.1534498,15.040094,91.60393,0.3950312,0.015900202,0.10556539,-91.0499,91.0499,0.35565776,0.09286846,-91.13579,-104.44306,0.002976377820968628,897.3457396030426,250000
93.542435,0.37040713,0.019287098,0.10282792,-92.97916,92.97916,0.14692415,0.09766795,-93.12995,-105.15896,0.6621622,-0.6193023,12.43044,93.4895,0.34299934,0.018579755,0.09216844,-92.96071,92.96071,0.41071498,-0.113080144,-93.14836,-103.89909,0.002987811040878296,912.2847998142242,255000
93.338844,0.34744313,0.017940486,0.11420569,-92.812,92.812,0.15996124,-0.5687627,-92.91714,-104.41525,1.3788908,-3.1582923,21.624382,93.446846,0.36914763,0.022789909,0.1116641,-92.8498,92.8498,0.30162612,-0.07013567,-93.02969,-103.95389,0.0029827764987945555,927.1986885070801,260000
94.72523,0.3684026,0.020564128,0.102297835,-94.151184,94.151184,0.11058217,-22.645555,-94.26299,-107.38812,1.8274224,-0.52469844,15.021585,92.338066,0.36929375,0.016313415,0.11679127,-91.80564,91.80564,0.231888,-0.10158135,-91.89917,-104.07472,0.002981354761123657,942.1054680347443,265000
95.555214,0.34216845,0.01765738,0.10440095,-95.03647,95.03647,0.11537446,-44.01979,-95.136284,-103.455215,0.4529047,-0.92326653,12.949517,91.437256,0.376311,0.017150111,0.112504736,-90.88944,90.88944,0.24080932,-0.29454973,-91.01958,-104.547585,0.0029715249061584475,956.963098526001,270000
93.77417,0.30889338,0.020572659,0.10124926,-93.25955,93.25955,0.21557617,-23.53058,-93.38887,-104.240005,1.0030936,-2.761018,20.660297,92.797356,0.35121667,0.019185446,0.123920746,-92.25429,92.25429,0.27028167,0.20660204,-92.348785,-104.331474,0.002963856649398804,971.7823870182037,275000
95.68885,0.36593187,0.014191677,0.104892194,-95.181,95.181,0.20535833,-5.163086,-95.24425,-104.444336,0.80245554,-0.91023886,14.823964,92.15155,0.35791788,0.021019693,0.1188526,-91.583435,91.583435,0.29275012,-3.0173814,-91.722015,-103.72794,0.0029497442722320557,986.5311155319214,280000
92.879684,0.35697785,0.020216037,0.10800385,-92.32055,92.32055,0.13979986,0.58610296,-92.54648,-103.117966,1.7032478,-2.3373115,18.47141,92.070526,0.3468583,0.020982854,0.0981587,-91.51384,91.51384,0.43396527,-0.10944782,-91.60664,-104.966705,0.002944020891189575,1001.2512254714966,285000
92.93828,0.3613605,0.013709618,0.1028938,-92.43982,92.43982,0.16430287,-8.272807,-92.54579,-104.522545,1.5411093,-3.8653142,24.345701,92.523766,0.3272294,0.022374114,0.098344825,-91.97279,91.97279,0.40461838,0.04880187,-92.15929,-103.7917,0.002943188047409058,1015.9671714305878,290000
95.16108,0.31881255,0.013856342,0.093613595,-94.703705,94.703705,0.1288762,-30.745157,-94.79072,-107.60487,1.2637353,-0.4216916,13.344851,93.00497,0.38385558,0.022661416,0.10797462,-92.3945,92.3945,0.41494155,-19.627087,-92.56852,-104.75474,0.0029406589031219484,1030.6704714298248,295000
92.97793,0.3353989,0.018383518,0.08951056,-92.458694,92.458694,0.18685533,-1.034918,-92.58942,-106.35821,2.117263,-0.85848874,17.381674,93.17738,0.41214472,0.01845017,0.118868664,-92.580734,92.580734,0.25679022,0.35021353,-92.73895,-104.10805,0.0029342616081237793,1045.341784477234,300000
95.663376,0.30514568,0.014730859,0.1048248,-95.21092,95.21092,0.10444017,-13.611674,-95.325485,-108.37303,0.6891744,-1.2505358,13.411138,91.28249,0.41116917,0.01787214,0.115815416,-90.692604,90.692604,1.102327,0.33946526,-90.857056,-104.586555,0.012001375198364257,1105.3486649990082,305000
94.20654,0.31617868,0.016096737,0.09712507,-93.7294,93.7294,0.21795547,0.59506994,-93.89705,-104.566414,0.609544,-1.3923185,14.167082,92.61986,0.37427443,0.018870795,0.1067741,-92.05688,92.05688,0.4666537,0.071807966,-92.15734,-104.61732,0.0026848337650299072,1118.7728385925293,310000
94.68784,0.33348033,0.014576286,0.09151428,-94.2086,94.2086,0.31411085,-1.015266,-94.269875,-108.002914,8.066949,-3.9818308,49.71643,93.9323,0.3552761,0.0184805,0.099191114,-93.39221,93.39221,0.31229484,0.22084653,-93.528915,-104.08636,0.002827986669540405,1132.9127769470215,315000
94.09,0.28695792,0.019211765,0.09507047,-93.61092,93.61092,0.15113784,-0.5537238,-93.807396,-105.85238,0.7508265,-2.7387917,20.698137,92.00171,0.36983147,0.01996673,0.1027732,-91.43221,91.43221,1.0776091,-0.8938888,-91.59154,-104.87416,0.002898745775222778,1147.4065113067627,320000
93.81895,0.3877679,0.019294757,0.1252563,-93.23823,93.23823,0.23160657,0.0064362884,-93.40758,-104.907455,1.9650646,-2.3142843,20.516975,93.377914,0.3692521,0.022704862,0.11474091,-92.78162,92.78162,0.2437378,-0.14442487,-92.85509,-104.752625,0.0029400837898254394,1162.1069357395172,325000
94.232925,0.33432353,0.0180101,0.095561355,-93.7185,93.7185,0.1328637,0.4477861,-93.86755,-104.82072,0.6149597,-1.2078478,12.810108,93.391914,0.3925675,0.020210804,0.10824123,-92.79724,92.79724,0.21140333,-17.534023,-92.917145,-104.77032,0.002957310342788696,1176.8934934139252,330000
93.448074,0.33950382,0.01892553,0.09794456,-92.91931,92.91931,0.16058403,-0.6767218,-93.08116,-102.724174,2.0026958,-2.479124,24.168873,91.31971,0.40517133,0.022855043,0.1217322,-90.68599,90.68599,0.29738623,0.40535247,-90.8162,-105.06018,0.0029663589477539063,1191.7252933979034,335000
93.074554,0.33593905,0.017965667,0.108101636,-92.55896,92.55896,0.29621768,-7.184191,-92.70728,-104.50561,7.2578783,-2.4072008,55.786636,91.47283,0.30754796,0.020353418,0.10058653,-90.96175,90.96175,0.3485746,0.29280102,-91.14657,-104.303665,0.0029741206645965577,1206.5959031581879,340000
93.72147,0.3621366,0.018416554,0.09707545,-93.17517,93.17517,0.15320697,0.52061903,-93.281975,-102.68913,0.923507,-2.3691285,17.89751,94.39029,0.37200624,0.023067303,0.12392178,-93.78761,93.78761,0.4419393,-0.8605577,-93.89271,-104.515686,0.0029730024814605713,1221.460921049118,345000
94.631966,0.35965216,0.014751536,0.0913793,-94.1248,94.1248,0.14636101,-34.348846,-94.20782,-106.14966,0.6624834,-2.022451,16.354204,91.586464,0.34609258,0.018124124,0.106035836,-91.05913,91.05913,0.29198736,0.17388032,-91.1636,-104.70824,0.00297562689781189,1236.3390607833862,350000
94.23663,0.30075562,0.018014101,0.09863618,-93.75574,93.75574,0.15050249,-25.615774,-93.90575,-103.13529,1.2176178,-2.0862384,17.104708,91.15057,0.34426486,0.019212166,0.11372778,-90.61419,90.61419,0.2731716,-0.47526327,-90.81088,-104.026375,0.002974667978286743,1251.2124063968658,355000
93.78901,0.30848318,0.01731221,0.09790976,-93.3074,93.3074,0.315611,-5.848657,-93.5087,-108.1448,23.11903,-9.604742,92.53388,92.26026,0.32358235,0.021561796,0.101898834,-91.72106,91.72106,1.4017761,-2.3717232,-91.90226,-103.70306,0.002973576307296753,1266.0802931785583,360000
92.149,0.35474807,0.0192374,0.09989571,-91.60188,91.60188,0.14546886,0.5821608,-91.73979,-102.54072,2.9504628,-0.6781982,20.875256,91.569305,0.33322638,0.018165188,0.10501535,-91.05443,91.05443,0.24189201,-0.18273605,-91.188126,-105.366745,0.002967294120788574,1280.9167692661285,365000
93.11727,0.31931663,0.016960032,0.104420125,-92.62836,92.62836,0.26121423,-21.541893,-92.768265,-105.44557,2.5086937,-3.0827227,23.442686,90.78338,0.34117246,0.026308564,0.10564325,-90.17912,90.17912,0.27617946,-9.042925,-90.32826,-104.930695,0.002965926456451416,1295.746407032013,370000
93.276634,0.3447064,0.018762466,0.10709581,-92.7443,92.7443,0.14362311,-0.19333117,-92.84804,-106.70643,0.7912335,-1.4338748,15.89039,92.92781,0.40071929,0.01873223,0.102588326,-92.33977,92.33977,0.2558264,-0.24360614,-92.458084,-104.98042,0.002957086992263794,1310.531846523285,375000
93.22536,0.33779812,0.015236112,0.09988661,-92.7352,92.7352,0.11109774,-1.4140245,-92.8835,-104.46696,1.0848619,-0.51389515,14.247784,92.13733,0.37850943,0.026543528,0.11577791,-91.493385,91.493385,0.26305413,-0.20264438,-91.69431,-104.35733,0.002954117393493652,1325.3024382591248,380000
92.90867,0.3239283,0.019092292,0.10005836,-92.393814,92.393814,0.15161768,-3.4684384,-92.53215,-103.3175,0.65820247,-0.6903964,13.066859,90.550285,0.35381153,0.018686412,0.09883605,-90.00961,90.00961,0.45128167,-0.15338929,-90.1532,-104.150185,0.00294214391708374,1340.0131623744965,385000
95.38985,0.33325443,0.016897202,0.09923097,-94.88762,94.88762,0.09390041,0.3615777,-94.975655,-104.2825,0.45573616,-1.3975327,14.107586,93.14067,0.407312,0.022565532,0.10432209,-92.507706,92.507706,0.29020205,-1.8043854,-92.6921,-105.182236,0.0029342183113098145,1354.6842594146729,390000
94.21177,0.32248613,0.01885867,0.09428724,-93.7007,93.7007,0.15965831,-6.928013,-93.84575,-106.578186,1.1076043,-0.84912246,14.132904,92.68616,0.38007468,0.0218907,0.10995914,-92.08717,92.08717,0.32430387,-0.93513244,-92.240105,-103.70008,0.002930398368835449,1369.3362567424774,395000
94.84902,0.26536557,0.014040011,0.08004077,-94.44325,94.44325,0.19710927,-1.8594129,-94.56667,-108.76363,1.0870435,-0.6626782,15.517888,92.29586,0.3911362,0.02492975,0.12361847,-91.655426,91.655426,0.28931102,0.34901953,-91.76538,-105.084465,0.0029263482093811037,1383.968002796173,400000
92.78684,0.3192239,0.019052532,0.09704349,-92.27709,92.27709,0.22738288,0.29966104,-92.43271,-103.76231,1.6064461,-0.65105605,18.320406,93.045586,0.3313344,0.019044071,0.099246725,-92.52381,92.52381,0.40712336,0.051441178,-92.66345,-104.638725,0.011179398965835571,1439.865002155304,405000
92.93688,0.307306,0.018285695,0.09312726,-92.44672,92.44672,0.17302701,-0.124678135,-92.55178,-105.37533,0.95161605,-2.2850308,19.998547,92.66029,0.37534833,0.023491908,0.10631613,-92.050026,92.050026,0.3518536,-1.9459164,-92.21408,-104.8431,0.0026975828647613524,1453.3529210090637,410000
93.41483,0.29525295,0.01837106,0.102378994,-92.93587,92.93587,0.12726104,0.27475643,-93.13576,-105.47033,1.5949652,-1.0231497,17.169212,92.929535,0.34652182,0.018170502,0.09370391,-92.401306,92.401306,0.27350056,-1.0326649,-92.52642,-104.68653,0.002838282299041748,1467.5443377494812,415000
92.3063,0.3096192,0.014970274,0.08729578,-91.84698,91.84698,0.12574543,0.30500257,-92.002655,-102.924706,0.6047841,-1.2905202,13.353842,92.45984,0.3595695,0.021046031,0.09695024,-91.88981,91.88981,0.2661723,-0.29276282,-92.03752,-104.340515,0.0029066720485687258,1482.0777032375336,420000
91.674576,0.33630013,0.021343678,0.105793834,-91.12484,91.12484,0.15074804,0.17759743,-91.29135,-103.53387,0.9409194,-0.5941518,14.964557,91.482956,0.37529853,0.022824721,0.11244169,-90.87941,90.87941,0.29826185,0.2439395,-91.038704,-105.26656,0.0029399422645568847,1496.777420282364,425000
94.39699,0.3368793,0.017545005,0.086853795,-93.88466,93.88466,0.27764505,-28.192232,-94.029205,-103.49824,11.24069,-16.496689,80.05619,93.51137,0.40617675,0.02413966,0.10502487,-92.86379,92.86379,0.2617133,-1.2909466,-93.02077,-107.32982,0.002956605100631714,1511.5604515075684,430000
93.74803,0.3438241,0.019838247,0.09942294,-93.205826,93.205826,0.14967498,-8.4194,-93.38911,-106.69676,2.4784853,-1.015901,26.504658,93.3642,0.3422239,0.022043314,0.11226438,-92.80154,92.80154,0.35478812,0.6710954,-92.96933,-104.764404,0.002963288593292236,1526.3768999576569,435000
94.73421,0.3462305,0.017821014,0.10569849,-94.20977,94.20977,0.14877802,-12.745001,-94.31615,-104.452644,1.4126282,-2.4489138,23.972593,91.23834,0.36776635,0.020931296,0.10500325,-90.66126,90.66126,0.30057377,-0.042757764,-90.807144,-104.08754,0.002972777795791626,1541.2407939434052,440000
93.398094,0.34790075,0.015298521,0.0938569,-92.89721,92.89721,0.18213075,-0.22686338,-93.02429,-104.823524,1.4759259,-2.5971694,23.913523,91.4438,0.37125516,0.017575793,0.09550876,-90.89679,90.89679,0.41231674,0.55087227,-91.04268,-104.39064,0.0029682953357696535,1556.0822761058807,445000
92.160416,0.37280625,0.017631456,0.1055968,-91.6113,91.6113,0.14761749,-5.616024,-91.76135,-106.33387,1.2728488,-1.9056848,17.820175,92.427864,0.38278008,0.019407328,0.11084144,-91.85101,91.85101,0.23945944,0.009962335,-91.96483,-104.436295,0.0029746180534362793,1570.9553713798523,450000
93.61264,0.29988223,0.016374022,0.08479147,-93.14902,93.14902,0.12125616,-1.0035176,-93.25085,-108.461845,0.736098,-0.8435728,14.945787,92.76342,0.3638063,0.018126901,0.11167845,-92.218346,92.218346,0.28780603,-2.2066097,-92.35054,-104.187904,0.0029795947551727294,1585.8533504009247,455000
92.67433,0.30169967,0.016899118,0.10104352,-92.20364,92.20364,0.11949377,-3.2119431,-92.32131,-106.120865,0.7328657,-0.87611747,12.870798,92.81872,0.3241468,0.020640805,0.10488746,-92.28816,92.28816,0.45821974,-2.0930514,-92.40547,-105.37213,0.0029696580886840822,1600.7016463279724,460000
92.21652,0.31596988,0.018273465,0.09484512,-91.71782,91.71782,0.26614374,0.21372874,-91.866005,-106.67783,1.5103846,-4.112124,26.07618,94.60235,0.36369967,0.01869645,0.09750741,-94.05168,94.05168,0.26497442,-7.2986126,-94.17493,-104.76884,0.0029641868114471436,1615.5225863456726,465000
92.79314,0.3160319,0.016334571,0.09206718,-92.31376,92.31376,0.18218258,-0.37370288,-92.46449,-104.77908,1.3483603,-0.5438991,15.996927,93.40852,0.31925368,0.022020234,0.10241633,-92.869064,92.869064,0.28636354,-0.064119235,-93.01298,-103.9675,0.002961492347717285,1630.3300535678864,470000
91.77325,0.3177871,0.017574951,0.089016356,-91.27971,91.27971,0.13910332,-3.8951378,-91.44866,-105.111824,0.49772435,-1.5831321,16.382666,92.708565,0.31595895,0.021477569,0.102917165,-92.17783,92.17783,0.18107715,-30.50032,-92.323395,-103.649216,0.002951235008239746,1645.0862340927124,475000
93.385124,0.3127612,0.015408194,0.09875581,-92.91828,92.91828,0.13755724,0.47501642,-92.989006,-104.37243,0.8428422,-0.982697,13.576927,90.228355,0.37034562,0.0221945,0.11056985,-89.63606,89.63606,0.47120112,0.067428425,-89.78366,-105.037056,0.0029470757007598876,1659.8216178417206,480000
92.64285,0.31369954,0.01673014,0.096745595,-92.16185,92.16185,0.13469262,0.35218936,-92.26793,-112.776886,1.5781168,-3.973985,23.5515,93.35637,0.422271,0.022160053,0.11962442,-92.712494,92.712494,0.33197826,-11.284695,-92.87579,-107.08622,0.0029420599460601806,1674.5319237709045,485000
93.813736,0.33933252,0.019304248,0.107188314,-93.281364,93.281364,0.08248711,0.28698754,-93.38069,-105.05491,0.6104817,-0.7329594,13.387589,92.545876,0.3479532,0.02200797,0.11826017,-91.977844,91.977844,0.309522,-1.2393906,-92.169495,-104.15604,0.0029314630508422853,1689.1892445087433,490000
93.95744,0.31934997,0.01562721,0.08900306,-93.48182,93.48182,0.17158028,-15.542143,-93.583534,-108.708015,2.2356668,-1.2944198,22.221193,92.65847,0.32361832,0.023609323,0.108583495,-92.098755,92.098755,0.34709632,0.8845838,-92.277466,-105.08668,0.0029404333591461183,1703.8914167881012,495000
93.81582,0.3295691,0.015104978,0.088669315,-93.3352,93.3352,0.11262259,-13.319087,-93.49389,-105.93521,0.682661,-0.97829014,15.651201,93.24536,0.38197362,0.019676846,0.10258192,-92.66662,92.66662,0.5054553,-6.233048,-92.78323,-105.32109,0.0029250718116760254,1718.516780614853,500000
91.729836,0.31681442,0.019096695,0.09046617,-91.22205,91.22205,0.30730924,0.20997053,-91.40521,-103.35515,3.6477458,-2.135007,26.66985,92.766335,0.33408695,0.021090083,0.110827014,-92.221344,92.221344,0.3690827,0.444322,-92.35016,-105.49778,0.013288713073730469,1784.9603524208069,505000
93.953636,0.31861997,0.01766143,0.08765342,-93.458405,93.458405,0.0932762,0.4070924,-93.56694,-107.73432,0.5834439,-1.0244441,12.910629,93.773865,0.33376905,0.02192993,0.099687725,-93.220795,93.220795,0.4153359,-22.804184,-93.36066,-106.48749,0.0030733550548553467,1800.3271353244781,510000
93.22417,0.36624008,0.016467221,0.087435156,-92.69325,92.69325,0.15154564,-5.357461,-92.81946,-110.80755,0.733943,-0.49322063,13.821952,91.90484,0.325392,0.024236804,0.11084888,-91.33708,91.33708,0.33188456,-0.004443884,-91.51757,-106.3379,0.0028154761791229247,1814.4045221805573,515000
92.86022,0.3439631,0.01868138,0.09620996,-92.329445,92.329445,0.1349059,0.2592137,-92.47412,-103.08517,1.748622,-0.8436434,17.828518,91.79814,0.40430334,0.022815969,0.120609865,-91.16568,91.16568,0.4073186,-0.70379627,-91.3496,-105.34836,0.0028932166576385496,1828.870611190796,520000
93.27574,0.28346518,0.016927779,0.09143557,-92.823,92.823,0.11047733,-28.824852,-92.90925,-104.31268,0.43836707,-1.0114919,13.115743,93.80559,0.42080066,0.020361312,0.10680176,-93.181175,93.181175,0.2231228,-8.114444,-93.292435,-105.913795,0.0029457608699798585,1843.5994203090668,525000
92.1962,0.3218118,0.020333523,0.110060096,-91.67105,91.67105,0.15026459,-1.1152558,-91.85539,-106.72814,0.9549178,-1.8899665,18.188856,92.09054,0.3603468,0.023315016,0.10265618,-91.49704,91.49704,0.33130148,-6.7749314,-91.642914,-105.036064,0.002951977300643921,1858.3593122959137,530000
92.42926,0.2938727,0.018203642,0.089525044,-91.953354,91.953354,0.18595134,-7.7360144,-92.21744,-104.241844,2.2865813,-3.6409185,25.65212,91.48308,0.3845748,0.021929383,0.10152606,-90.87921,90.87921,0.38151604,-3.3329802,-91.12295,-104.8329,0.003016659688949585,1873.4426169395447,535000
94.038315,0.3309719,0.016998269,0.0880646,-93.53736,93.53736,0.14391409,-3.3528736,-93.6912,-110.74242,2.6539145,-1.8113174,19.176737,91.88182,0.372999,0.024144083,0.10312408,-91.26738,91.26738,0.28019643,-0.40142673,-91.4446,-104.28288,0.003147195291519165,1889.1785995960236,540000
93.711555,0.31480905,0.019594576,0.08883554,-93.2008,93.2008,0.21255958,-5.202752,-93.442215,-104.650375,3.716657,-2.053873,26.4461,91.67148,0.38672572,0.01873536,0.098417655,-91.0974,91.0974,0.35991305,-0.73292094,-91.23201,-105.41811,0.003191612482070923,1905.1366686820984,545000
92.83968,0.30958813,0.015258146,0.08434922,-92.37752,92.37752,0.1099115,0.42157477,-92.48268,-105.14637,1.2906505,-0.8968444,17.022589,93.76989,0.374741,0.020610599,0.0951775,-93.18904,93.18904,0.25327072,-15.523551,-93.305885,-105.36166,0.0029839909076690672,1920.056628704071,550000
92.89694,0.3048765,0.018996779,0.09017241,-92.4021,92.4021,0.14346763,0.14618199,-92.54642,-104.30935,1.2084593,-2.985755,17.578949,92.03312,0.35879833,0.021361137,0.10328187,-91.46071,91.46071,0.6005856,-2.143792,-91.600815,-105.24834,0.0029815423488616945,1934.9643454551697,555000
93.244286,0.30350077,0.019067742,0.08610662,-92.75011,92.75011,0.16545784,-1.0631635,-92.904526,-104.717155,2.1262536,-0.65794545,17.437353,92.6246,0.36263317,0.022237135,0.104438275,-92.0396,92.0396,0.41429698,0.07537535,-92.19247,-105.882996,0.002986361980438232,1949.8961610794067,560000
92.37627,0.31041542,0.022945218,0.09424091,-91.836395,91.836395,0.18125145,-1.3921762,-91.99091,-105.208374,2.0826917,-4.3195705,24.434725,92.56095,0.4126671,0.022347681,0.10881114,-91.924805,91.924805,0.41211975,-0.3335063,-92.04555,-107.50657,0.003038577699661255,1965.0890562534332,565000
93.90591,0.28375864,0.016238306,0.091358356,-93.45976,93.45976,0.09786768,0.3739059,-93.55664,-105.93473,0.5437305,-0.79447305,13.789958,92.37248,0.37396654,0.018116,0.1062575,-91.81735,91.81735,0.58579385,-0.07724035,-91.89691,-105.43129,0.0031080531120300293,1980.6293272972107,570000
92.015656,0.33815175,0.016787225,0.10219299,-91.50963,91.50963,0.09014188,0.46731335,-91.63874,-103.05054,0.3688127,-1.1525043,12.7401495,93.10495,0.37555298,0.019075975,0.107888326,-92.538635,92.538635,0.22159821,-0.49512658,-92.68584,-106.95407,0.0031195849418640138,1996.2272572517395,575000
92.64888,0.2958114,0.01852223,0.088050514,-92.16785,92.16785,0.099524386,0.090931684,-92.34891,-112.01143,0.79325145,-0.7578598,11.524084,94.036835,0.3858941,0.021279901,0.10216707,-93.43814,93.43814,0.21694273,-0.092917696,-93.59197,-108.40484,0.0029463568210601806,2010.9590473175049,580000
93.91609,0.34572983,0.017006466,0.086748645,-93.4003,93.4003,0.13642798,-6.860379,-93.52742,-102.98998,0.92184657,-0.8416314,15.165709,92.09101,0.36296266,0.026055079,0.10740026,-91.4675,91.4675,0.5462092,-9.068871,-91.66598,-106.110435,0.002940992784500122,2025.6640164852142,585000
94.92796,0.3075351,0.018740276,0.09427892,-94.43303,94.43303,0.121097855,-45.059837,-94.54431,-113.90295,0.66289496,-0.7513237,12.205416,92.012886,0.40718544,0.02424985,0.112853706,-91.363205,91.363205,0.2121574,0.4985766,-91.51962,-107.94249,0.0029344895362854004,2040.3364691734314,590000
89.67533,0.32244664,0.018424401,0.105327405,-89.16864,89.16864,0.20218563,-0.05362986,-89.33957,-106.99404,1.8002768,-1.5845213,22.304115,93.23673,0.37855405,0.018796401,0.1184426,-92.67021,92.67021,0.37707913,-0.08819784,-92.77881,-106.869415,0.0029368909358978273,2055.0209288597107,595000
92.83818,0.28743178,0.017481748,0.09048769,-92.37593,92.37593,0.12902986,0.25250015,-92.47562,-104.75685,0.8386925,-1.0459373,13.343256,93.31942,0.40614295,0.027726602,0.1097671,-92.63601,92.63601,0.21331063,0.44143435,-92.76168,-106.14243,0.0029261032581329345,2069.6514506340027,600000
93.2305,0.35153824,0.022132184,0.09702772,-92.65764,92.65764,0.12507853,-22.92663,-92.819305,-104.09823,1.7753448,-0.5653754,18.170496,93.15995,0.3663783,0.023381948,0.113218345,-92.55975,92.55975,0.416493,-0.4714194,-92.70604,-108.973564,0.010878108549118042,2124.0419981479645,605000
93.20533,0.3045741,0.015052998,0.09683747,-92.75023,92.75023,0.13728899,0.25760514,-92.86372,-102.864296,1.6042593,-0.89673364,14.308338,89.69549,0.37534526,0.02333211,0.10556199,-89.08682,89.08682,0.39588735,0.62602305,-89.28293,-104.11305,0.002705854034423828,2137.5712735652924,610000
91.31618,0.28665495,0.022912022,0.112085894,-90.8004,90.8004,0.16749665,0.09372172,-90.963455,-103.619026,1.0772327,-2.574089,15.628248,90.5247,0.32088763,0.024476642,0.0978366,-89.959045,89.959045,0.33736673,-0.18568593,-90.13893,-108.74819,0.002843895101547241,2151.790754556656,615000
93.429405,0.30456355,0.02139734,0.09318784,-92.910866,92.910866,0.16905348,-5.292605,-93.1121,-106.244705,4.2705045,-7.46811,36.00075,91.92918,0.34233403,0.024443606,0.09791793,-91.34241,91.34241,0.41585845,-0.44790778,-91.58833,-106.12152,0.0029039477348327637,2166.3104984760284,620000
93.564835,0.30590886,0.01753182,0.08640088,-93.08361,93.08361,0.095198266,0.22604091,-93.213806,-105.51909,0.73079216,-0.6991434,14.197013,92.905365,0.37123883,0.021295797,0.101634115,-92.32117,92.32117,0.30746523,-0.52061576,-92.473206,-109.19136,0.0029397947788238525,2181.009477376938,625000
93.693016,0.36859775,0.01796263,0.09625296,-93.14479,93.14479,0.117195815,-17.273806,-93.29901,-122.70918,1.2999773,-0.68032837,16.142988,89.78891,0.41599596,0.023820272,0.113026895,-89.13471,89.13471,0.48224965,0.446106,-89.26343,-105.74321,0.0029557479381561278,2195.7882227897644,630000
93.44553,0.34698176,0.017273445,0.09199579,-92.92582,92.92582,0.1953012,-9.100167,-93.06004,-119.463005,0.884987,-0.8057488,13.98313,91.961174,0.3403542,0.02285474,0.08568616,-91.39227,91.39227,0.32804444,-0.24332084,-91.52816,-109.57861,0.0029577975273132324,2210.577216386795,635000
92.21661,0.33681014,0.017015932,0.08914097,-91.70965,91.70965,0.16388074,-0.23724501,-91.8214,-106.58301,1.3979497,-2.9065363,22.303282,90.14407,0.3538599,0.02425919,0.1094903,-89.54762,89.54762,0.34235585,-0.06437999,-89.75139,-107.5888,0.0031625117778778075,2226.389781475067,640000
93.61068,0.3019006,0.018649438,0.08254494,-93.122284,93.122284,0.20790927,0.5207232,-93.252365,-123.567825,0.70653534,-1.2430152,20.174454,92.41462,0.34865862,0.023753986,0.107115954,-91.82842,91.82842,0.22377524,0.23772845,-91.968506,-109.081955,0.00325743350982666,2242.6769556999207,645000
93.267746,0.2615782,0.018364439,0.09025979,-92.822525,92.822525,0.1967599,-5.3870673,-92.95387,-104.45443,2.0769515,-3.896648,26.21727,93.08107,0.32096887,0.019107003,0.09377564,-92.56903,92.56903,0.47922277,0.1515564,-92.69435,-110.18569,0.003094741106033325,2258.1506695747375,650000
90.47983,0.34043092,0.022679761,0.10284472,-89.9126,89.9126,0.16542813,-1.3441904,-90.05792,-106.23109,0.966903,-2.3262997,17.05408,91.091896,0.34721977,0.021927256,0.091180265,-90.525406,90.525406,0.30957693,0.093174145,-90.66429,-109.62338,0.0030435774326324464,2273.36856174469,655000
93.60174,0.31743282,0.015544176,0.08312057,-93.12886,93.12886,0.13579118,-8.694295,-93.26274,-103.713326,0.33608955,-0.8509056,11.993834,91.48227,0.3479513,0.021999475,0.10945086,-90.91432,90.91432,0.43714383,0.3844028,-91.04994,-109.97965,0.002969378471374512,2288.21545958519,660000
92.87269,0.3295938,0.016856931,0.09040629,-92.37453,92.37453,0.118363366,-28.126677,-92.51595,-119.762276,1.4866585,-0.937426,15.964878,92.93636,0.3704911,0.021195475,0.09670501,-92.35392,92.35392,0.17888513,0.30931515,-92.497665,-109.8911,0.00296522331237793,2303.0415811538696,665000
92.972176,0.30908322,0.020230848,0.0905171,-92.460785,92.460785,0.14413302,0.2584567,-92.58384,-109.151726,1.5150557,-1.8661186,18.752062,91.726326,0.33077103,0.022896066,0.103848234,-91.166595,91.166595,0.41364712,-0.012337178,-91.32627,-109.16514,0.0029606017589569092,2317.844594478607,670000
91.04076,0.32621133,0.024993066,0.09615118,-90.464615,90.464615,0.1337331,0.11322059,-90.73785,-110.20914,0.9906441,-0.66636264,17.71147,92.3672,0.31625372,0.02443815,0.102762714,-91.806564,91.806564,0.566435,-8.029911,-91.95662,-108.429276,0.002947435188293457,2332.581777572632,675000
92.77954,0.33964792,0.01649731,0.10015799,-92.27492,92.27492,0.17717117,-39.265404,-92.4717,-119.69959,0.58221614,-1.1653305,15.376074,93.59662,0.37043005,0.025479684,0.105899975,-92.97139,92.97139,0.3493266,-20.068335,-93.119446,-109.86306,0.0029445244789123534,2347.304405450821,680000
91.13189,0.2996566,0.020388748,0.09044688,-90.62834,90.62834,0.21664907,-0.3899408,-90.84804,-111.318245,1.5009977,-4.3175697,35.280083,92.22676,0.35471624,0.021799523,0.09917325,-91.65405,91.65405,0.4424379,-0.23609236,-91.81853,-109.10182,0.0029433929920196535,2362.0213754177094,685000
91.589005,0.2756902,0.018674927,0.090988755,-91.126564,91.126564,0.22173017,-0.5859256,-91.32117,-104.42681,1.8890179,-1.8088117,20.86108,91.71239,0.34807485,0.02180402,0.103302106,-91.14627,91.14627,1.0712676,-8.305344,-91.3109,-107.78115,0.0029359747409820557,2376.7012543678284,690000
93.268326,0.34557664,0.021089321,0.10646777,-92.71185,92.71185,0.1321677,-0.5280998,-92.866974,-104.04537,0.77969635,-0.9969225,16.864832,89.82506,0.36326897,0.021907939,0.08779931,-89.24271,89.24271,1.0522106,0.412283,-89.39354,-107.93309,0.0029323988437652587,2391.3632533550262,695000
92.04485,0.30669147,0.020314373,0.09273312,-91.53502,91.53502,0.08131174,-1.0147183,-91.685455,-106.81132,0.8198998,-0.7570538,12.8160095,91.08172,0.3645776,0.023594987,0.091917515,-90.48119,90.48119,0.5899482,0.62416416,-90.65921,-105.07337,0.002927021646499634,2405.998366832733,700000
94.578926,0.36023968,0.014483333,0.10040513,-94.07385,94.07385,0.14534506,-8.053838,-94.15111,-110.38112,0.4119078,-0.63515985,11.290029,90.270966,0.3354844,0.023104781,0.09136173,-89.70443,89.70443,0.5563364,0.17332608,-89.8463,-105.34914,0.010995057010650634,2460.9736568927765,705000
91.080765,0.3166752,0.019776892,0.09036885,-90.56632,90.56632,0.16450682,-10.385219,-90.73386,-106.50179,1.722817,-0.54289293,18.712343,91.85779,0.37735125,0.023396298,0.10663262,-91.246475,91.246475,0.67379093,0.1200144,-91.386826,-104.59745,0.0026985162258148193,2474.4662432670593,710000
91.93841,0.317721,0.018540796,0.09208477,-91.43528,91.43528,0.1824369,0.2049273,-91.56426,-109.40521,2.5836248,-1.1996592,19.390656,91.270905,0.38384557,0.0219761,0.12364555,-90.6673,90.6673,0.20473675,-0.10107581,-90.83336,-107.35617,0.0028368873596191406,2488.6506848335266,715000
92.36173,0.34156108,0.018531559,0.08700447,-91.834854,91.834854,0.11158866,0.547153,-91.94226,-104.67539,0.9009589,-0.7813768,12.493632,90.95384,0.37842113,0.022733659,0.11392062,-90.34808,90.34808,1.5024989,0.012631252,-90.456406,-103.95005,0.0029049386024475096,2503.1753821372986,720000
92.67371,0.3730979,0.019310884,0.08427991,-92.107506,92.107506,0.12127283,-0.62235427,-92.28682,-105.26922,2.0206065,-0.5445271,17.167395,92.191635,0.34931314,0.02279437,0.110477865,-91.61438,91.61438,0.49623153,0.3341233,-91.76126,-107.711365,0.0029390969276428223,2517.870871782303,725000
91.32288,0.28508037,0.021544816,0.084807776,-90.82236,90.82236,0.16371424,0.29852885,-91.04615,-102.92576,2.2908463,-0.8897337,21.943863,93.56844,0.35339165,0.023138372,0.12396237,-92.983665,92.983665,0.35313353,-0.105707094,-93.112595,-106.84677,0.002956335735321045,2532.6525559425354,730000
93.19049,0.33224124,0.017016811,0.08919072,-92.68808,92.68808,0.1588215,-2.5101533,-92.79704,-105.027885,2.5200458,-3.3556914,23.503336,91.45143,0.34003025,0.021094967,0.09875393,-90.90045,90.90045,0.2913309,-0.5122929,-91.018845,-106.59669,0.002963817310333252,2547.471647977829,735000
93.92338,0.29769838,0.016350696,0.08811104,-93.46217,93.46217,0.1089255,-22.97949,-93.619,-103.759445,0.35278922,-0.6467317,11.335953,91.61826,0.4206757,0.024949178,0.11688821,-90.9481,90.9481,0.46691847,-1.3993828,-91.11148,-107.018425,0.0029666361808776856,2562.3048343658447,740000
92.900215,0.26716325,0.02011333,0.091783166,-92.431915,92.431915,0.12710626,-0.06758325,-92.559715,-105.7425,1.6286458,-0.9242163,18.229177,91.593704,0.3322879,0.02242184,0.09486069,-91.0372,91.0372,0.30623025,0.5935363,-91.18721,-106.96788,0.0029693971633911135,2577.151825904846,745000
93.47042,0.34014124,0.021734588,0.091004595,-92.91293,92.91293,0.13673708,-31.541222,-93.09426,-103.906654,0.36473197,-0.6305286,12.956054,90.269775,0.36439872,0.02580911,0.108545646,-89.647285,89.647285,0.51662195,-0.44921067,-89.78554,-106.84582,0.0029749773502349853,2592.0267181396484,750000
91.9017,0.292064,0.018571138,0.09567775,-91.42393,91.42393,0.1469413,-11.87395,-91.60379,-103.372375,0.8309386,-0.644174,13.741988,91.82755,0.3731675,0.026842441,0.10728806,-91.18596,91.18596,0.3802781,0.14979553,-91.376755,-104.35947,0.0029772244453430178,2606.9128453731537,755000
93.82771,0.33980557,0.020829158,0.08920819,-93.27962,93.27962,0.17085002,-0.4131231,-93.45119,-108.5586,0.6927609,-1.4407969,15.852391,91.82073,0.40392014,0.024078563,0.11378226,-91.176025,91.176025,0.33485752,0.23986338,-91.346886,-107.31204,0.0029695815563201902,2621.7607588768005,760000
93.368164,0.3243215,0.019474994,0.09624117,-92.84909,92.84909,0.10726287,0.036581874,-92.97249,-105.1964,1.1646163,-0.5410527,15.204544,90.616325,0.3245706,0.024670854,0.10483058,-90.045044,90.045044,0.28468254,-3.1791506,-90.27048,-107.474525,0.002973756217956543,2636.6295454502106,765000
92.583954,0.307015,0.021154184,0.10917069,-92.0654,92.0654,0.13830726,0.28820175,-92.31575,-104.81824,0.86343443,-0.7012918,13.227507,89.86963,0.40609288,0.027090844,0.102063544,-89.19263,89.19263,0.42575964,0.25692523,-89.373344,-107.55237,0.0029492671012878416,2651.3758857250214,770000
93.26821,0.30137572,0.020148635,0.0977184,-92.76535,92.76535,0.1455844,-0.06453398,-92.90408,-103.088585,0.94162023,-1.455458,16.006315,94.32331,0.36486924,0.022012942,0.098669216,-93.73831,93.73831,0.27893645,-41.142704,-93.819534,-107.42119,0.0029471281051635743,2666.1115317344666,775000
93.503006,0.3096538,0.019211445,0.09388177,-93.001236,93.001236,0.13167654,-25.040901,-93.13995,-108.48485,0.77501535,-1.3364594,16.716204,92.40943,0.37402886,0.02279675,0.09933443,-91.807434,91.807434,0.25079554,-0.83927345,-91.95557,-107.19432,0.00294108681678772,2680.816971063614,780000
90.06681,0.34302986,0.017850444,0.087048896,-89.54527,89.54527,0.2035599,-5.4544578,-89.71715,-108.37811,2.506134,-1.7837172,20.280167,90.405136,0.3390177,0.02235957,0.10639433,-89.84252,89.84252,0.34580922,0.03507322,-89.992165,-107.586975,0.0029377906322479246,2695.505929708481,785000
93.64538,0.32382905,0.018839879,0.093024224,-93.13315,93.13315,0.1393262,-3.0993497,-93.28726,-104.488556,1.3638024,-0.7508982,13.420501,92.392395,0.42206353,0.0259881,0.10377832,-91.71045,91.71045,0.25332838,0.06807785,-91.848206,-107.23169,0.002931773805618286,2710.1648042201996,790000
92.104744,0.26609188,0.021149063,0.08559608,-91.62716,91.62716,0.122758865,0.43726924,-91.84462,-104.541306,2.5582204,-1.3017601,18.33101,91.611824,0.3937554,0.02514107,0.10257314,-90.96666,90.96666,0.19683287,-0.5287967,-91.168655,-106.76564,0.0029268021583557127,2724.7988200187683,795000
93.15266,0.3089,0.02147289,0.097164676,-92.62903,92.62903,0.11561905,-0.1069798,-92.810745,-110.71457,1.0276575,-1.9367183,14.792685,92.38131,0.3256526,0.025757983,0.103102624,-91.79808,91.79808,0.32127064,0.7283902,-91.9782,-106.8279,0.0029238932132720948,2739.4182918071747,800000
90.9767,0.28519922,0.022052806,0.09179407,-90.47097,90.47097,0.11322038,-0.023528859,-90.70441,-105.08328,2.0962973,-0.79506755,18.304125,92.16057,0.3961425,0.022365388,0.096586436,-91.54077,91.54077,0.3299069,-1.1694205,-91.73192,-107.21602,0.011160175943374633,2795.219176054001,805000
91.00289,0.27407256,0.016539067,0.08680215,-90.56343,90.56343,0.11213,0.69247425,-90.70022,-102.848656,1.2742199,-0.96321505,13.820812,90.96622,0.37004578,0.02593454,0.10627815,-90.33682,90.33682,0.44041124,-1.5715612,-90.5517,-106.9926,0.0026980286598205566,2808.709324836731,810000
92.72817,0.33877894,0.024164028,0.10352571,-92.14775,92.14775,0.12331776,0.22648087,-92.40318,-102.972244,0.91078067,-2.1777325,17.841906,91.7818,0.39312738,0.024812907,0.10505594,-91.14054,91.14054,0.5619904,1.2285419,-91.390755,-107.13598,0.002837656593322754,2822.8976130485535,815000
92.07929,0.31765306,0.019412145,0.10000954,-91.56752,91.56752,0.17489979,0.105617315,-91.74254,-104.855774,2.1679916,-3.7794452,27.071281,91.874985,0.40440053,0.026330732,0.106478214,-91.207275,91.207275,0.35310155,0.012539774,-91.362854,-106.65013,0.0029038479328155516,2837.4168577194214,820000
92.762245,0.32870722,0.01772334,0.08262271,-92.2563,92.2563,0.09193538,-3.8779535,-92.358604,-103.881035,0.3274969,-0.88004917,11.157303,91.39349,0.33146936,0.020080447,0.08999466,-90.86122,90.86122,0.22548012,-0.019765154,-90.989075,-104.69188,0.002937539339065552,2852.104559659958,825000
92.26385,0.33089706,0.019536354,0.07608494,-91.73759,91.73759,0.11420767,-0.6096623,-91.92427,-105.83959,0.5456947,-1.1679914,13.6076355,93.13411,0.39459586,0.023638912,0.10754019,-92.50313,92.50313,0.3297856,0.16779807,-92.59979,-106.49356,0.002955636501312256,2866.8827476501465,830000
91.71291,0.32237792,0.020824974,0.08856946,-91.18229,91.18229,0.09508313,-0.10427117,-91.30844,-105.1037,0.79179037,-0.97599447,12.564663,91.348946,0.35917503,0.024908626,0.097783364,-90.740685,90.740685,0.36862862,0.09094371,-90.87903,-106.76325,0.0029585197925567626,2881.675352573395,835000
93.59502,0.34979892,0.017809507,0.094927095,-93.06712,93.06712,0.1073972,-3.4827025,-93.173065,-105.203415,1.407054,-1.016108,16.31437,91.68294,0.3394579,0.02356737,0.10068121,-91.1078,91.1078,0.27688748,0.20568718,-91.25184,-105.000496,0.0029663838863372804,2896.50727725029,840000
91.1219,0.32117474,0.021486478,0.08723126,-90.58586,90.58586,0.18661496,-15.511922,-90.78102,-104.29172,1.2151097,-3.352648,29.956772,89.42509,0.3466535,0.020648535,0.10043737,-88.87195,88.87195,0.6537579,0.02939853,-88.95158,-105.88005,0.002971821212768555,2911.366397380829,845000
92.71943,0.3046787,0.018670212,0.09271856,-92.22805,92.22805,0.09004375,-0.32151932,-92.37122,-105.20138,1.5082717,-0.852777,12.944575,92.35826,0.40938014,0.025791554,0.11025404,-91.69096,91.69096,0.264913,-0.023475632,-91.881294,-106.131584,0.002975860118865967,2926.2457027435303,850000
91.462456,0.31183624,0.023939688,0.09483633,-90.911224,90.911224,0.13437033,-1.8754603,-91.169,-105.24049,1.6773748,-3.0062048,24.060776,89.55056,0.32978916,0.034075275,0.11612803,-88.88002,88.88002,0.37417567,0.14658618,-89.11423,-107.18592,0.0029751999378204346,2941.1217081546783,855000
92.279015,0.3231536,0.018973324,0.089091875,-91.76613,91.76613,0.13578072,0.5779712,-91.92078,-109.0778,1.434723,-0.9837593,14.793786,92.77652,0.32144517,0.026462171,0.104903355,-92.19045,92.19045,0.49148256,-0.26369655,-92.38296,-105.27755,0.0029724961757659914,2955.9841945171356,860000
90.75638,0.3178259,0.019922085,0.09430091,-90.239334,90.239334,0.13682145,0.11496891,-90.39099,-104.88633,1.4774835,-0.97492707,15.435746,91.598236,0.38963324,0.024614222,0.099507324,-90.96246,90.96246,0.42347413,0.4776819,-91.09351,-107.21969,0.002970958232879639,2970.838991880417,865000
90.71364,0.33231232,0.01787759,0.07894688,-90.20255,90.20255,0.18230638,-0.041020676,-90.343216,-105.49581,0.76597565,-1.8920712,13.45866,91.56428,0.31670785,0.027831705,0.10285197,-90.96925,90.96925,0.44475618,0.029521704,-91.23455,-105.99787,0.0029538477897644044,2985.608236551285,870000
94.34976,0.32591558,0.021726485,0.0872771,-93.80658,93.80658,0.10929781,-3.0281324,-93.96675,-106.42674,0.79311556,-0.9473467,15.185616,92.77833,0.37486106,0.025463864,0.10491576,-92.14883,92.14883,0.3200207,-0.21482514,-92.327614,-105.7088,0.002953936433792114,3000.377923965454,875000
92.43703,0.28134727,0.021636497,0.08806412,-91.939316,91.939316,0.15248102,-17.699562,-92.10718,-104.573105,0.45490125,-0.61459506,13.309689,92.600784,0.40757424,0.025972337,0.10240238,-91.93349,91.93349,0.36658657,-7.6293106,-92.09519,-105.256226,0.002941820240020752,3015.087030649185,880000
92.59053,0.32549086,0.022586973,0.09939776,-92.03917,92.03917,0.14052165,-4.5163007,-92.29408,-103.51729,1.0549388,-0.98515606,13.845775,91.43093,0.3541868,0.025980368,0.09587301,-90.81694,90.81694,0.26825392,0.25212842,-90.960556,-106.63165,0.002933642625808716,3029.7552495002747,885000
91.746994,0.3342343,0.020780109,0.08416788,-91.204956,91.204956,0.097390115,-0.16363922,-91.39431,-105.291794,1.1449689,-0.61589146,13.996999,91.15128,0.37243593,0.021518428,0.098624036,-90.56366,90.56366,0.24759597,-0.38978523,-90.706795,-104.463036,0.0029290060043334963,3044.4002850055695,890000
93.57302,0.29561546,0.019519094,0.08965081,-93.082214,93.082214,0.15138759,-21.180315,-93.196014,-103.70446,1.504767,-1.3352759,16.06597,91.22838,0.35376748,0.026043046,0.10310531,-90.61418,90.61418,0.48019737,-0.65972126,-90.77098,-106.59252,0.0029251656055450438,3059.0261182785034,895000
91.580666,0.35631305,0.01863071,0.09536358,-91.03805,91.03805,0.11344507,0.10880843,-91.154724,-103.92813,0.69198585,-1.3287677,17.482681,91.9905,0.36345625,0.023616996,0.09561244,-91.39088,91.39088,0.4196803,-0.08498587,-91.610016,-106.07555,0.0029265324115753176,3073.65878534317,900000
90.1505,0.31197143,0.023868687,0.093404725,-89.59984,89.59984,0.11765323,0.41360795,-89.861824,-104.20564,1.3204579,-0.59172946,14.497284,92.84126,0.36816815,0.020302717,0.11087448,-92.270065,92.270065,0.2899303,-15.473885,-92.35652,-106.490685,0.010239926528930665,3124.858422756195,905000
89.622406,0.2973234,0.019558592,0.09690103,-89.12949,89.12949,0.1595115,0.19722813,-89.3596,-105.295166,1.0064335,-0.95102763,12.638728,92.86334,0.34960175,0.022703838,0.09278204,-92.286705,92.286705,0.3302369,0.102695465,-92.428894,-106.59513,0.0027197049140930177,3138.456952571869,910000
91.70214,0.28011656,0.016055107,0.07831426,-91.261475,91.261475,0.099387236,0.48295745,-91.3443,-104.390625,2.1499255,-1.5893987,15.4102545,91.94871,0.36358744,0.02065954,0.099364445,-91.378525,91.378525,0.3007319,-0.33923623,-91.53206,-106.57161,0.0028539782524108887,3152.7268493175507,915000
93.109566,0.32491955,0.018964712,0.1005857,-92.595,92.595,0.09579334,-6.9301524,-92.77359,-103.76617,0.90746737,-0.4603977,12.043034,90.86117,0.3197633,0.026047258,0.10231431,-90.28093,90.28093,0.531127,-1.5763863,-90.467896,-105.130646,0.0029179245948791504,3167.3164777755737,920000
91.26651,0.31872743,0.017317295,0.089229405,-90.77461,90.77461,0.0970035,0.31157577,-90.87696,-103.64203,0.8707629,-0.5313998,13.314904,93.15844,0.36406925,0.024635047,0.09618421,-92.54802,92.54802,0.36183918,-0.5735884,-92.694565,-105.19001,0.0029486765384674073,3182.0598661899567,925000
91.88284,0.33717415,0.02284368,0.08408224,-91.31723,91.31723,0.111440994,0.46206903,-91.476456,-106.90806,1.4613682,-1.0661443,15.34952,91.44617,0.37941185,0.020426027,0.111159235,-90.862495,90.862495,0.38442746,0.35166022,-91.05347,-106.781876,0.0029572171688079835,3196.845956802368,930000
91.75748,0.32146227,0.018130597,0.09054403,-91.25471,91.25471,0.14897676,-0.36891747,-91.378006,-105.01201,0.91068816,-0.5702241,14.264315,94.32839,0.3423736,0.025472198,0.10097665,-93.73129,93.73129,0.26381722,-19.880981,-93.90289,-106.44945,0.0029617584705352784,3211.654754638672,935000
92.878944,0.29732704,0.01762408,0.09004615,-92.40538,92.40538,0.100709304,-6.4525433,-92.53224,-108.64761,2.070757,-3.2464414,21.72451,93.06741,0.3629861,0.022253366,0.10501388,-92.481895,92.481895,0.2552755,0.060418397,-92.65632,-106.3128,0.0029701215267181396,3226.5053675174713,940000
91.55635,0.33349186,0.019937692,0.08794813,-91.02348,91.02348,0.096428365,0.17695972,-91.17485,-103.52954,0.56178343,-0.60638124,12.2931795,92.98381,0.38210154,0.021669853,0.10203427,-92.38501,92.38501,0.2067509,-2.4785247,-92.52751,-106.48607,0.002976145792007446,3241.386101961136,945000
92.00102,0.34699988,0.021229608,0.08650622,-91.44173,91.44173,0.11782302,0.3572248,-91.571884,-103.801735,1.9451112,-1.0139263,17.438316,91.929474,0.385127,0.025087466,0.09834567,-91.29347,91.29347,0.33838415,-0.6073055,-91.495445,-106.42325,0.002972916316986084,3256.250689268112,950000
92.57736,0.3410737,0.019609926,0.09480333,-92.04019,92.04019,0.113007106,0.1842618,-92.16934,-104.47408,1.1319839,-0.8925242,13.529729,92.05776,0.38326627,0.026180882,0.10619563,-91.41269,91.41269,0.8775784,-0.4857309,-91.59502,-106.407036,0.002966452169418335,3271.082955121994,955000
92.52849,0.2903424,0.015567839,0.076036364,-92.082466,92.082466,0.14484791,0.561214,-92.20919,-104.45065,1.0766734,-0.82871443,13.291685,92.18874,0.37108296,0.027719356,0.10819954,-91.54047,91.54047,0.21853215,-1.6809077,-91.6893,-107.23283,0.002962114906311035,3285.893534898758,960000
92.0127,0.3332706,0.020142065,0.09306152,-91.47801,91.47801,0.20287079,-0.07615261,-91.67264,-104.39961,1.9732932,-3.1858666,22.364658,92.19486,0.36925638,0.022489972,0.0949166,-91.60071,91.60071,0.4460308,0.049685627,-91.787834,-106.42761,0.0029528165340423585,3300.657623052597,965000
92.6182,0.28516787,0.020801632,0.09033637,-92.125015,92.125015,0.11485121,0.17765379,-92.34987,-104.26804,1.6861422,-0.9327277,14.791634,91.95733,0.35994065,0.029459555,0.09817211,-91.302795,91.302795,0.34074974,0.089549944,-91.52365,-107.6215,0.0029462750911712645,3315.3890042304993,970000
92.331154,0.32135096,0.019034272,0.08838368,-91.81946,91.81946,0.10572701,0.10578214,-91.96219,-104.07212,1.5722957,-1.1961691,12.223225,94.315475,0.41582483,0.02179602,0.086914524,-93.681694,93.681694,0.20378396,-0.7695979,-93.84158,-109.30216,0.002938282871246338,3330.0804240703583,975000
91.69212,0.32312122,0.019507863,0.085570574,-91.17393,91.17393,0.096505724,0.37468758,-91.38399,-103.0331,1.3259196,-0.74462813,13.58004,91.66716,0.37094945,0.02514883,0.096086465,-91.04472,91.04472,0.2976356,-1.3117087,-91.15431,-106.43858,0.0029359786987304686,3344.7603228092194,980000
93.35479,0.32705423,0.01960104,0.089733824,-92.831726,92.831726,0.08346876,0.18368825,-92.94876,-105.07808,1.8889034,-0.79744524,13.678004,90.75265,0.37869692,0.026763335,0.112195134,-90.106316,90.106316,0.4741917,-0.107950464,-90.30379,-106.53315,0.002933810329437256,3359.429379940033,985000
92.29213,0.29432207,0.020321833,0.08223526,-91.794586,91.794586,0.12239479,-0.18983209,-91.947784,-104.09648,2.4390292,-3.4670284,20.79555,92.83571,0.3760699,0.025301827,0.10847585,-92.20662,92.20662,0.38282853,-13.1870165,-92.34726,-106.261475,0.0029290979862213137,3374.0748751163483,990000
92.58264,0.3057661,0.021167453,0.07970668,-92.0652,92.0652,0.22442764,0.37567884,-92.260284,-104.016136,1.0622101,-1.4837376,17.71636,91.70772,0.4056396,0.026943926,0.105860025,-91.03264,91.03264,0.6567296,0.39560428,-91.21426,-105.56157,0.0029201618671417236,3388.6756904125214,995000
90.99502,0.3196354,0.022363044,0.10311362,-90.45175,90.45175,0.11176017,0.34831715,-90.67272,-104.04374,1.0970914,-1.1310048,17.197493,90.734024,0.37283394,0.027131326,0.10726902,-90.089874,90.089874,0.4908528,0.35637647,-90.25409,-105.705025,0.0029174018383026122,3403.2627050876617,1000000
