training/actor/actor_loss,training/actor/bc_loss,training/actor/mse,training/actor/q,training/actor/q_loss,training/critic/critic_loss,training/critic/q_max,training/critic/q_mean,training/critic/q_min,training/grad/max,training/grad/min,training/grad/norm,validation/actor/actor_loss,validation/actor/bc_loss,validation/actor/mse,validation/actor/q,validation/actor/q_loss,validation/critic/critic_loss,validation/critic/q_max,validation/critic/q_mean,validation/critic/q_min,time/epoch_time,time/total_time,step
45.609413,0.031227056,0.031037653,-45.297142,45.297142,0.23846844,-18.450138,-45.52338,-49.747486,0.4565971,-0.20584849,18.63945,45.448997,0.03737917,0.036974337,-45.075207,45.075207,0.36638156,-1.030217,-45.406616,-49.743065,0.019001387453079225,95.00695037841797,5000
56.49192,0.07565126,0.075394,-55.73541,55.73541,0.40815935,-0.77744657,-56.903717,-77.8674,0.59246933,-0.66117543,29.936026,57.18004,0.077358246,0.07701283,-56.406456,56.406456,0.6128299,-14.419704,-57.544754,-78.00622,0.0021406540393829345,105.71022748947144,10000
59.392254,0.09721008,0.09738704,-58.420155,58.420155,0.47818053,0.32708454,-60.041542,-86.72664,0.80864954,-0.82214487,41.49676,60.368103,0.079887,0.07929631,-59.569233,59.569233,0.47373268,-12.374938,-61.009003,-87.72477,0.001992970848083496,115.67508721351624,15000
55.710663,0.09361513,0.09387235,-54.774513,54.774513,0.44767383,-9.043716,-56.3749,-83.27682,0.6296384,-0.613892,33.82109,56.61953,0.09562389,0.09581158,-55.663292,55.663292,0.5223041,-9.527673,-57.215897,-91.08954,0.001985674571990967,125.60346555709839,20000
53.441193,0.08509116,0.08433648,-52.590282,52.590282,0.45098478,-7.436374,-54.04843,-81.99743,0.53785455,-0.5369986,36.410988,54.250565,0.08416278,0.08378597,-53.408936,53.408936,0.5006584,-7.624541,-54.8395,-82.61525,0.0019898882865905763,135.55291414260864,25000
52.264843,0.082365535,0.082043394,-51.44119,51.44119,0.4777829,-6.698606,-52.8388,-82.27209,0.31840488,-0.4420759,25.560629,52.966534,0.08037979,0.0803579,-52.162735,52.162735,0.49411333,-7.1028447,-53.42344,-82.12279,0.0020115983486175535,145.6109118461609,30000
52.172173,0.08458689,0.08449115,-51.326305,51.326305,0.5636507,-16.104954,-52.78325,-80.64485,1.0386739,-1.0313455,39.495743,53.284233,0.08722385,0.08676244,-52.411995,52.411995,0.39575213,-10.006,-53.91899,-83.08781,0.0020081302165985107,155.65156984329224,35000
51.682686,0.08889309,0.088961706,-50.793755,50.793755,0.40609503,-10.610673,-52.38746,-85.449524,0.44548088,-0.41707975,23.549995,52.392723,0.08767772,0.08743499,-51.515945,51.515945,0.64794207,-13.529856,-53.030716,-78.47887,0.002070828056335449,166.0057156085968,40000
52.34498,0.085934326,0.08565612,-51.485634,51.485634,0.3346892,-8.29557,-52.91946,-87.56221,0.5181675,-0.3547753,23.836937,51.874382,0.08404856,0.08423849,-51.033897,51.033897,0.40510368,-6.7706695,-52.538815,-84.14233,0.002034478521347046,176.17811346054077,45000
52.96588,0.07843468,0.07852451,-52.181534,52.181534,0.44943097,-11.372223,-53.427692,-83.26897,0.8808367,-0.5319246,33.071384,52.51897,0.07703971,0.07706711,-51.748573,51.748573,0.808103,-10.115566,-52.951393,-77.836426,0.002041154670715332,186.3838927745819,50000
53.962353,0.07986287,0.07978852,-53.163723,53.163723,0.54755855,1.5874734,-54.593346,-86.00734,0.8830111,-0.5970731,44.95538,54.746647,0.08641789,0.08615299,-53.88247,53.88247,0.52118295,-14.088475,-55.359116,-84.14894,0.0020381539344787596,196.57466793060303,55000
55.0279,0.081227005,0.08131401,-54.21563,54.21563,0.6143153,-7.064608,-55.600773,-84.828476,2.2385774,-1.4035825,57.56781,55.7096,0.084560685,0.08478278,-54.86399,54.86399,0.728819,1.3081484,-56.26228,-86.41028,0.0019854060173034667,206.50170350074768,60000
52.58542,0.08354031,0.083715856,-51.750015,51.750015,0.8157563,-13.014789,-53.174484,-88.51557,0.91385865,-0.78943247,46.947075,54.59917,0.086304195,0.086168885,-53.73613,53.73613,0.6764293,-1.7793913,-55.24787,-83.925316,0.0020178261280059816,216.59084033966064,65000
54.31699,0.07569712,0.07549166,-53.56002,53.56002,0.83550936,-5.6489224,-54.804176,-86.2425,1.2268091,-3.0594609,67.25388,52.057613,0.078630805,0.07836423,-51.271305,51.271305,1.0757926,-0.06075716,-52.655743,-88.57094,0.001989774942398071,226.53972029685974,70000
54.819363,0.08780092,0.087878786,-53.941353,53.941353,0.8434708,6.6293087,-55.321613,-96.0429,1.077251,-1.0059147,44.7985,54.13156,0.08172592,0.0813717,-53.3143,53.3143,0.8970103,-12.974015,-54.70511,-88.02747,0.0019840305805206297,236.4598789215088,75000
55.967697,0.07388096,0.073277675,-55.22889,55.22889,1.7400544,-12.176837,-56.49929,-91.784676,1.1542438,-1.081277,52.249947,56.843975,0.07923434,0.07900559,-56.051632,56.051632,0.9270982,-10.985756,-57.29677,-88.941925,0.0020180718421936037,246.55024409294128,80000
55.78248,0.07744875,0.07733043,-55.00799,55.00799,0.8596344,-2.818292,-56.33623,-86.13777,1.5111037,-1.5347607,53.467663,54.58541,0.0821036,0.08193445,-53.764374,53.764374,1.2420056,-7.6651387,-55.19887,-88.5623,0.0020591845512390136,256.846173286438,85000
53.307613,0.078257315,0.078197286,-52.52504,52.52504,0.84335876,-14.022163,-53.96636,-91.50403,1.5260788,-0.9941734,54.29641,52.552258,0.08807179,0.0869322,-51.67154,51.67154,1.4807987,-15.211342,-53.149406,-93.26133,0.0020412962436676023,267.05266094207764,90000
51.24107,0.07594951,0.07606005,-50.481575,50.481575,0.8358326,-4.5063705,-51.74035,-102.58108,1.0807106,-1.9120784,62.017044,53.56541,0.07545259,0.075263694,-52.810886,52.810886,1.135082,-11.929254,-54.024277,-93.095566,0.0020218803882598876,277.16206908226013,95000
56.590027,0.078697845,0.0783968,-55.803047,55.803047,0.91416085,-7.2480707,-57.21556,-94.53118,0.7833243,-0.9545424,43.93333,55.34041,0.08899254,0.08903714,-54.45048,54.45048,1.1038364,-9.044721,-55.90286,-88.19569,0.002062184190750122,287.47299551963806,100000
51.890984,0.08071969,0.0806426,-51.083786,51.083786,0.85592437,-10.228211,-52.444946,-104.14189,1.3946228,-1.3852699,65.09191,52.702126,0.08960607,0.08901148,-51.806065,51.806065,1.5562503,-4.2677326,-53.230225,-93.447266,0.017069770193099975,372.8218517303467,105000
52.08226,0.085803226,0.08568298,-51.224228,51.224228,0.93272984,-8.659353,-52.766502,-86.690636,1.3475184,-1.3558292,53.508713,52.39005,0.09119375,0.090425655,-51.47811,51.47811,1.2663939,-13.79392,-52.98867,-90.746605,0.002066309118270874,383.1534025669098,110000
53.929348,0.076974146,0.07640353,-53.159607,53.159607,0.6811494,-12.074094,-54.331024,-90.798416,1.5398608,-1.2573593,45.525024,53.71263,0.07336133,0.073015176,-52.97902,52.97902,1.10926,-12.037763,-54.10235,-79.17689,0.0021238433837890624,393.77262473106384,115000
55.504517,0.087034665,0.0869712,-54.63417,54.63417,0.8848262,-16.882084,-56.17785,-91.938774,1.0386686,-1.0350907,52.907852,55.777885,0.093920164,0.094108306,-54.838684,54.838684,1.259747,-9.220565,-56.529053,-87.101074,0.0020647383213043212,404.0963222980499,120000
55.756203,0.07797726,0.07768156,-54.97643,54.97643,1.1235602,-1.1532967,-56.3031,-116.406815,2.0640187,-1.3025571,68.13134,54.11711,0.0873653,0.08699001,-53.243458,53.243458,1.380432,-1.8825274,-54.79841,-88.7373,0.002125754451751709,414.72510266304016,125000
54.998604,0.07958662,0.0789325,-54.202736,54.202736,0.8172753,-14.532259,-55.688454,-115.19176,1.9289752,-2.230043,70.064735,53.432373,0.08851403,0.08873608,-52.547234,52.547234,1.1921271,-15.013368,-54.010353,-88.87033,0.0021669918537139893,425.560067653656,130000
54.610023,0.090524845,0.09008525,-53.704777,53.704777,1.022036,-7.6782074,-55.31217,-94.28155,2.7176504,-2.3927207,81.83913,54.648483,0.084881954,0.08507498,-53.799664,53.799664,1.3382106,-8.411054,-55.294872,-85.91608,0.002099014377593994,436.05514574050903,135000
50.894585,0.09363559,0.09373523,-49.95823,49.95823,0.9438052,-14.604587,-51.586403,-84.43746,1.1038586,-1.1124144,52.74684,52.375782,0.08425402,0.08403748,-51.53324,51.53324,1.1785579,-9.294004,-53.011787,-84.013145,0.0020732011318206787,446.4211571216583,140000
48.63005,0.09058695,0.0902491,-47.724182,47.724182,0.90037453,-10.865072,-49.353554,-79.683754,1.4330852,-1.2041004,50.05538,50.554,0.097436324,0.097094454,-49.57964,49.57964,1.3428763,-14.360978,-51.238396,-82.259796,0.0020885801315307616,456.86406350135803,145000
52.449337,0.07705926,0.07664668,-51.678745,51.678745,0.7250341,-0.19781959,-52.99685,-85.14471,1.1716362,-1.1315054,55.250217,51.177845,0.07980783,0.07943171,-50.37977,50.37977,1.3776517,-7.0439453,-51.69866,-88.78556,0.002070589208602905,467.2170162200928,150000
52.45317,0.073970854,0.073809505,-51.713463,51.713463,0.73624474,-11.376249,-53.002167,-83.53755,1.2127776,-1.2973951,54.83942,51.544724,0.07523446,0.074835144,-50.792377,50.792377,1.1968038,-14.448766,-52.078606,-76.07589,0.002116635465621948,477.8001992702484,155000
52.886776,0.08277543,0.082690746,-52.05902,52.05902,0.76044905,-14.554689,-53.524654,-84.15663,1.2360395,-1.5919641,54.33195,52.11817,0.08498165,0.08507043,-51.268356,51.268356,1.1195617,-15.926907,-52.708664,-90.64013,0.0020676371097564697,488.1383910179138,160000
52.522346,0.08162703,0.08102282,-51.706078,51.706078,1.0446684,-11.731872,-53.04151,-88.88542,1.0449274,-2.3881938,64.43192,53.62877,0.08318801,0.08370232,-52.79689,52.79689,0.8788433,-17.792765,-54.052925,-87.27381,0.002109630537033081,498.68654918670654,165000
54.446697,0.07111324,0.070865445,-53.735565,53.735565,0.5719515,-7.2799463,-54.998245,-90.3908,1.1998632,-1.0407642,38.152798,53.63664,0.080928124,0.08070796,-52.82736,52.82736,1.1392555,-6.3652782,-54.17559,-82.151985,0.002144987487792969,509.41149282455444,170000
54.120132,0.076048404,0.075973056,-53.35965,53.35965,0.7310516,-8.17386,-54.768906,-93.34901,1.3697968,-0.9732937,38.60934,53.16525,0.08804589,0.08747019,-52.28479,52.28479,1.2618796,-11.87919,-53.62423,-82.14582,0.00218185830116272,520.3207905292511,175000
55.726055,0.08555582,0.08548532,-54.8705,54.8705,1.0037082,0.9199531,-56.379444,-96.96501,3.6862123,-2.1443408,87.271095,56.4502,0.0849162,0.084691145,-55.601036,55.601036,1.2189337,-21.948523,-56.988018,-85.16851,0.0021191834926605224,530.9167141914368,180000
52.71988,0.08686203,0.08652552,-51.851257,51.851257,1.0523914,-5.5884542,-53.436535,-84.80541,3.1833117,-2.1724734,68.48856,54.05226,0.098992065,0.098928414,-53.06234,53.06234,1.8700749,-18.589893,-54.682304,-85.37914,0.002156677293777466,541.7001066207886,185000
51.736343,0.08180271,0.081549324,-50.918316,50.918316,0.7469487,-14.813368,-52.264854,-95.34163,1.2503037,-1.2670032,43.560875,52.125614,0.07445194,0.07416657,-51.381096,51.381096,1.307863,-15.353051,-52.680756,-87.47473,0.0021173350811004637,552.286788225174,190000
50.994587,0.08409444,0.08331516,-50.15364,50.15364,0.7693617,-13.255431,-51.66339,-85.33339,2.0577493,-1.2695659,53.417248,51.84905,0.07935592,0.07907381,-51.05549,51.05549,1.5406039,-12.2720175,-52.389984,-88.55919,0.0021656869411468506,563.1152286529541,195000
53.0185,0.076878965,0.07762455,-52.24971,52.24971,0.8524076,-12.548211,-53.57215,-87.149796,2.4478958,-1.5189433,53.99352,52.65126,0.07855713,0.078364395,-51.86569,51.86569,1.6157802,-3.8036966,-53.12629,-88.58349,0.002136965084075928,573.8000593185425,200000
53.849678,0.07316031,0.07282307,-53.118076,53.118076,0.6293183,-15.575933,-54.385143,-83.86725,1.3061612,-1.3592296,39.84529,54.44283,0.07504829,0.07512929,-53.692345,53.692345,1.1416175,-7.9644513,-54.882256,-92.59653,0.016486003255844116,656.2300817966461,205000
55.582657,0.090067275,0.089715704,-54.681984,54.681984,0.8365079,-15.965848,-56.075146,-118.13124,4.352022,-2.86101,74.02856,56.00396,0.08394934,0.08344446,-55.164467,55.164467,1.5072429,-1.0813845,-56.51352,-88.45984,0.0022054126262664796,667.257150888443,210000
55.740498,0.0781297,0.07797792,-54.9592,54.9592,0.7935915,-11.155158,-56.272255,-94.13387,2.8790681,-1.9159319,83.47494,54.99835,0.071468845,0.07151085,-54.28366,54.28366,1.2851193,-8.481142,-55.528942,-90.034836,0.002137993383407593,677.9471235275269,215000
56.638832,0.07565761,0.075789325,-55.882256,55.882256,0.9922472,-12.4959955,-57.17961,-92.56158,3.2396483,-1.9769274,74.86118,56.971416,0.08230812,0.08210813,-56.148335,56.148335,1.4170668,-10.910412,-57.416332,-95.98791,0.002181952238082886,688.8568911552429,220000
56.433014,0.06867089,0.06859254,-55.746304,55.746304,0.7612374,-12.952301,-56.931805,-105.17682,1.6906921,-1.1161695,48.872498,55.219913,0.06852715,0.06868444,-54.53464,54.53464,1.0993191,-14.028305,-55.631504,-92.172104,0.0021463130474090575,699.5884623527527,225000
56.93881,0.07231643,0.07196305,-56.215645,56.215645,1.080926,-19.219273,-57.529964,-95.56509,1.9742156,-3.0517206,74.575195,55.193684,0.079746775,0.07693956,-54.396217,54.396217,1.2242223,-14.881374,-55.521515,-92.68241,0.002057805442810059,709.877495765686,230000
57.699837,0.08233718,0.0819349,-56.876465,56.876465,0.9641569,-17.220879,-58.204086,-100.21184,5.0841618,-2.505159,96.81297,58.502483,0.07048597,0.07030288,-57.797623,57.797623,1.4361739,-19.278633,-58.998405,-99.17598,0.0021073203086853028,720.4141049385071,235000
61.469868,0.07945538,0.07899214,-60.675312,60.675312,0.8853173,-19.33882,-62.070633,-108.29563,3.3703606,-3.2065573,88.33777,59.182217,0.078956805,0.07882765,-58.392647,58.392647,2.0422163,-17.99315,-59.72399,-104.92758,0.0020859928607940676,730.8440749645233,240000
55.460728,0.084092155,0.08415737,-54.619804,54.619804,1.0780089,-5.000366,-55.999577,-99.44924,2.1747832,-1.468916,54.92488,56.15705,0.0850982,0.08502592,-55.30607,55.30607,2.226811,-10.009687,-56.5974,-98.14613,0.0021072850227355955,741.3805062770844,245000
56.968758,0.07697219,0.076452844,-56.199036,56.199036,0.9322827,-13.8001585,-57.522827,-112.05688,2.5779548,-3.5060182,100.238396,56.25886,0.084458135,0.08384246,-55.41428,55.41428,1.8094405,-11.027812,-56.783985,-103.127594,0.0020658860206604003,751.7099430561066,250000
58.0993,0.07507668,0.0748661,-57.348534,57.348534,1.404969,-20.323952,-58.569046,-96.455666,3.0090635,-2.6708665,93.48564,59.20587,0.07485445,0.075144336,-58.45733,58.45733,1.6784472,-14.074387,-59.633095,-110.97158,0.0020858371257781983,762.1391351222992,255000
60.482483,0.076554485,0.076258145,-59.716938,59.716938,0.70854557,-19.661621,-61.067783,-116.498116,2.671628,-2.6309035,76.039,62.001686,0.07947756,0.07934251,-61.20691,61.20691,2.1678207,-9.928277,-62.438164,-107.707596,0.002051208686828613,772.3951845169067,260000
62.354107,0.08416287,0.08353058,-61.512478,61.512478,0.9288382,-8.0930395,-63.018555,-114.74325,1.8348112,-3.4165475,75.00046,60.92554,0.087956004,0.087738626,-60.045982,60.045982,2.5384178,-11.223654,-61.608078,-108.71386,0.0020427847862243653,782.609114408493,265000
59.216526,0.07332446,0.07315017,-58.48328,58.48328,0.9044213,-11.760316,-59.823967,-116.09521,3.2221465,-1.4980232,67.27724,57.90459,0.08213669,0.080692105,-57.083225,57.083225,2.1156309,-12.14181,-58.382774,-102.808754,0.0020524774551391603,792.8715074062347,270000
58.95983,0.0738288,0.07366344,-58.221542,58.221542,0.9668733,-17.073645,-59.531956,-112.02361,1.7646018,-1.9409459,57.710762,58.25626,0.075760245,0.075413324,-57.498657,57.498657,1.5746318,-15.670209,-58.681343,-103.04829,0.002081912422180176,803.2810754776001,275000
58.615242,0.06909795,0.06896915,-57.924263,57.924263,0.92678523,-22.115835,-59.159805,-111.78523,2.4497662,-2.3932693,54.419754,60.317657,0.0764223,0.076309994,-59.553436,59.553436,2.1633253,-20.17743,-60.681946,-104.35752,0.002082977771759033,813.6959705352783,280000
60.415325,0.07158307,0.07145237,-59.699493,59.699493,0.87972134,-14.745092,-60.9222,-114.72121,1.1721743,-1.2605205,51.931904,59.08841,0.073367745,0.0734997,-58.354733,58.354733,2.1401877,-13.560734,-59.5915,-101.67348,0.0020790328025817872,824.0911402702332,285000
63.291092,0.06573253,0.065194525,-62.633766,62.633766,0.93309903,-22.168627,-63.811043,-114.17583,1.2839766,-1.2491996,42.22947,63.164425,0.07151552,0.0710817,-62.44927,62.44927,2.2730355,-6.155259,-63.700397,-111.1705,0.0020832982540130614,834.5076377391815,290000
63.648952,0.06645074,0.06638249,-62.984444,62.984444,0.99854696,-21.28236,-64.20561,-130.82642,1.4125217,-1.7543379,51.280647,64.10882,0.070929885,0.070903085,-63.39952,63.39952,2.2612925,-8.245994,-64.52368,-107.21664,0.0020495759963989257,844.755523443222,295000
61.931965,0.066614196,0.066208065,-61.265823,61.265823,0.89160925,-19.035284,-62.438828,-107.745155,2.2311378,-1.1258847,45.82635,63.5527,0.075615995,0.07553978,-62.79654,62.79654,2.3699708,-3.4919043,-63.953342,-116.92097,0.0020680389881134035,855.0957238674164,300000
64.90452,0.07042498,0.07016146,-64.20027,64.20027,1.089112,-17.883633,-65.45185,-117.26162,2.0728824,-1.8477474,55.323437,62.998127,0.074867025,0.074825555,-62.24946,62.24946,2.2028098,-3.4193723,-63.43664,-109.769485,0.016581620121002196,938.0038311481476,305000
65.10151,0.080850385,0.080722295,-64.29301,64.29301,1.1016848,-0.017014563,-65.772026,-131.57907,1.4627737,-2.6430266,73.5527,62.279846,0.086518474,0.08648429,-61.41466,61.41466,2.4116993,-4.1246834,-62.81511,-103.42956,0.0020623319625854494,948.3154962062836,310000
63.473206,0.08221816,0.08213281,-62.651024,62.651024,0.7859511,-15.111728,-64.112404,-145.06575,2.8615022,-4.6883845,89.48174,64.05199,0.087135874,0.086927965,-63.180626,63.180626,1.9542887,-25.890858,-64.42456,-117.71958,0.002076173305511475,958.6963682174683,315000
64.26605,0.07603727,0.075637504,-63.505676,63.505676,1.2505909,-18.492197,-64.8582,-142.31363,3.0796902,-2.5447063,86.45283,65.35279,0.08600246,0.085350774,-64.49277,64.49277,2.7822175,-14.266609,-65.827576,-107.89412,0.002091632127761841,969.1545343399048,320000
63.52777,0.07293236,0.07237808,-62.798447,62.798447,1.0851723,-14.243414,-64.09908,-119.59692,2.6766016,-6.163395,117.415695,63.994366,0.07885691,0.07869511,-63.205795,63.205795,2.9659195,-13.394506,-64.50537,-117.00235,0.002126053285598755,979.7848062515259,325000
63.863876,0.066223815,0.06592808,-63.201637,63.201637,0.9988265,-11.3406315,-64.36696,-117.27668,1.1069548,-3.2439322,59.134285,63.774532,0.07982703,0.07905396,-62.97626,62.97626,2.95851,-21.264112,-64.152,-119.14127,0.002077969741821289,990.1746604442596,330000
64.44787,0.07227329,0.07182271,-63.725136,63.725136,0.73312753,-7.309725,-65.02428,-132.54167,1.128611,-1.9400963,43.245396,61.656593,0.08139964,0.081016466,-60.842598,60.842598,2.9313025,-7.00941,-62.096123,-124.99718,0.002085946798324585,1000.604400396347,335000
64.719986,0.07284564,0.07268881,-63.99153,63.99153,0.92588603,-10.434254,-65.32445,-133.13283,2.3570485,-1.5873902,59.45051,62.914486,0.076096825,0.07580479,-62.15352,62.15352,3.416653,-8.129992,-63.35075,-137.60909,0.00207401123046875,1010.9744625091553,340000
66.23893,0.072733454,0.07277911,-65.5116,65.5116,1.0058287,-6.0074673,-66.7202,-139.50316,1.9791973,-1.0724956,56.492138,64.73275,0.077935,0.077654354,-63.953403,63.953403,2.756997,-16.460958,-65.21929,-110.79926,0.0021284832954406737,1021.6168854236603,345000
66.93993,0.070324585,0.07059415,-66.23669,66.23669,0.8605872,-18.264584,-67.46767,-130.08807,3.085503,-2.5518646,73.53616,65.535835,0.07514701,0.0747576,-64.78436,64.78436,3.1077335,-11.437937,-65.87325,-115.53853,0.00201637077331543,1031.6987454891205,350000
68.331985,0.059579838,0.05955894,-67.73619,67.73619,0.7044334,-15.784103,-68.7867,-127.416985,3.2301881,-3.0555253,76.768776,68.20355,0.072722696,0.0724028,-67.476326,67.476326,3.197957,-22.634375,-68.52718,-142.19676,0.00204693078994751,1041.933405160904,355000
69.55779,0.07190273,0.07136581,-68.83877,68.83877,0.9717502,-20.217714,-70.098145,-133.30823,3.112923,-6.8649693,108.30466,67.350815,0.07873391,0.07822943,-66.56348,66.56348,2.9887857,-26.177992,-67.718445,-119.325005,0.0020604035377502442,1052.235428571701,360000
68.70146,0.07054781,0.07003068,-67.99599,67.99599,0.8443791,-10.950324,-69.247955,-139.44815,3.5006495,-2.27795,65.532135,68.51685,0.07514457,0.073685825,-67.76541,67.76541,3.190733,-5.5750494,-68.84302,-129.89348,0.002102421808242798,1062.7475435733795,365000
68.882065,0.06603806,0.06573743,-68.22169,68.22169,1.050891,-22.999422,-69.412994,-135.48308,3.3794873,-2.5148864,64.55566,67.37609,0.07288897,0.07237484,-66.6472,66.6472,4.063499,-10.436942,-67.74868,-130.65747,0.002080053806304932,1073.1478180885315,370000
69.82854,0.06850846,0.068015635,-69.143456,69.143456,1.1041903,-24.945751,-70.311386,-119.26582,1.8360039,-5.0482664,90.87348,67.734055,0.07844978,0.07568718,-66.949554,66.949554,3.2978191,-16.74702,-67.91687,-121.41994,0.00208600172996521,1083.5778322219849,375000
70.80778,0.07330652,0.07292652,-70.074715,70.074715,1.1581604,-23.434538,-71.40202,-146.16983,4.0679703,-3.1017997,102.076904,71.29367,0.08722648,0.08694215,-70.42141,70.42141,3.9818227,-13.939854,-71.65805,-118.615364,0.0020598387718200684,1093.877031803131,380000
71.9686,0.0741413,0.07358457,-71.22719,71.22719,1.0872989,-23.99709,-72.50189,-129.32625,5.415069,-1.8148861,102.43429,69.41433,0.07947882,0.07878313,-68.619545,68.619545,4.1426797,-10.896964,-69.80113,-124.74823,0.0020504423141479494,1104.1292490959167,385000
71.427704,0.0743713,0.07402942,-70.68399,70.68399,1.0285796,-2.6590407,-71.995,-133.89713,1.6905677,-6.950951,96.3389,69.88908,0.07585305,0.07553794,-69.13055,69.13055,4.8927746,-7.426928,-70.25929,-125.47261,0.002097608804702759,1114.6173005104065,390000
71.07238,0.066187754,0.06580173,-70.4105,70.4105,0.95608824,-15.228859,-71.57645,-134.79301,3.271226,-3.2923121,84.55026,68.12588,0.0729813,0.07261024,-67.396065,67.396065,4.045561,-21.946451,-68.45772,-117.418915,0.002044316101074219,1124.8388862609863,395000
71.44756,0.06885282,0.06849066,-70.75903,70.75903,1.2877128,-18.121325,-71.99357,-130.9556,1.4342482,-2.765535,69.89622,68.43027,0.071424894,0.071079664,-67.71602,67.71602,3.981419,-10.624603,-68.83892,-122.736855,0.0020452142238616944,1135.0649631023407,400000
67.26541,0.06939321,0.06906818,-66.57148,66.57148,1.5170066,-4.087999,-67.78328,-131.62428,1.2400273,-2.2786076,62.84958,65.676445,0.076929726,0.076999344,-64.90715,64.90715,3.1493049,-10.487848,-66.06839,-133.3326,0.016390497016906737,1217.0174539089203,405000
67.84938,0.07127499,0.07122031,-67.13663,67.13663,0.97841936,-19.391665,-68.395584,-138.74695,2.0010786,-1.0637084,47.530914,65.6853,0.08140505,0.08109025,-64.871254,64.871254,3.1499324,-11.957998,-66.030426,-117.32187,0.0020939001083374025,1227.486959695816,410000
70.06953,0.07236377,0.072204925,-69.34589,69.34589,0.9516238,-15.694439,-70.62485,-161.87093,3.8911273,-3.529601,95.86234,65.830986,0.084476344,0.0848962,-64.98622,64.98622,3.0158753,-2.2420022,-66.140495,-113.89699,0.0020799320220947267,1237.8866262435913,415000
68.34552,0.068510525,0.0681823,-67.660416,67.660416,1.2631588,-8.594054,-68.88002,-143.87859,6.3324194,-2.5055625,86.51875,68.863495,0.07625624,0.07597212,-68.10093,68.10093,4.6525216,-25.389172,-69.15083,-118.41787,0.002122312545776367,1248.4981949329376,420000
66.83408,0.07045856,0.07027064,-66.1295,66.1295,0.98430014,-17.765955,-67.36807,-168.13167,1.2655878,-2.858459,66.51861,66.72382,0.080890946,0.08120658,-65.91492,65.91492,3.1835794,-15.293214,-67.06174,-120.29684,0.002084317684173584,1258.91978931427,425000
66.938225,0.07412415,0.0740784,-66.19698,66.19698,1.0888416,-15.668376,-67.525635,-141.78867,2.5852308,-1.3274939,64.98947,67.665665,0.074063405,0.073032096,-66.92503,66.92503,3.4350567,-18.996399,-68.14453,-131.85455,0.002098156261444092,1269.4105777740479,430000
70.65905,0.068865076,0.06868833,-69.9704,69.9704,0.940943,-23.1386,-71.168335,-152.92952,2.7164087,-1.2593949,58.93862,70.818794,0.07275032,0.07174676,-70.09129,70.09129,3.4168015,-22.660255,-71.18556,-126.12098,0.0020713903427124025,1279.767535686493,435000
70.79752,0.06902589,0.06918406,-70.10726,70.10726,1.9134538,-12.2591305,-71.347176,-168.35553,6.2148914,-3.8872113,126.038765,69.80362,0.08551737,0.0843289,-68.94845,68.94845,4.1532044,-22.501926,-70.200935,-126.22544,0.0020528432846069334,1290.0317583084106,440000
72.96175,0.065306365,0.06509794,-72.308685,72.308685,0.83981514,-12.436364,-73.43046,-165.39137,1.5215387,-3.6243138,69.42562,71.51842,0.075867765,0.07548431,-70.75974,70.75974,4.6743526,-18.856434,-71.85181,-124.385025,0.0020881999492645266,1300.4727637767792,445000
70.2025,0.072209515,0.07204189,-69.48041,69.48041,1.0535223,-18.492416,-70.75462,-133.815,1.4909805,-1.3677762,57.139637,69.64592,0.06649806,0.065469205,-68.98094,68.98094,4.0455112,-20.320381,-70.093124,-123.67107,0.0020601584434509278,1310.7735619544983,450000
70.87633,0.06314719,0.0631243,-70.24486,70.24486,1.1420708,-26.67588,-71.34366,-158.10934,2.981643,-3.030472,67.35751,70.322044,0.07104982,0.07086225,-69.61155,69.61155,4.5957947,-24.33805,-70.600586,-159.82295,0.002083292484283447,1321.1900308132172,455000
73.93913,0.060876466,0.060702797,-73.33037,73.33037,1.1555748,-2.5805457,-74.38747,-171.48029,2.4427598,-3.2986982,70.0273,72.424446,0.07090071,0.0705032,-71.71544,71.71544,6.7065372,-32.775425,-72.79661,-154.85114,0.0021048569202423094,1331.714320898056,460000
72.086685,0.06954311,0.06949425,-71.39125,71.39125,0.92511904,-6.859277,-72.60055,-177.03922,4.0004125,-4.451229,101.18365,70.82084,0.07519003,0.074672215,-70.06894,70.06894,5.4504547,-9.286592,-71.17813,-140.39513,0.0020942290782928466,1342.1854717731476,465000
71.875854,0.066031754,0.06589035,-71.21554,71.21554,1.2981563,-1.077286,-72.338234,-173.60555,2.8792655,-1.5681046,62.42411,70.962776,0.07104332,0.07101517,-70.25234,70.25234,4.382667,-12.88364,-71.2862,-165.7697,0.002102311325073242,1352.697033405304,470000
70.92719,0.06757414,0.067734465,-70.25145,70.25145,1.1474338,-16.361176,-71.400696,-163.80101,3.8067715,-4.0782137,103.67151,71.05381,0.0674958,0.06733065,-70.37885,70.37885,10.219706,-9.761821,-71.43257,-153.55498,0.002097680616378784,1363.1854424476624,475000
74.30074,0.06824753,0.06760725,-73.61827,73.61827,0.97106385,-19.369202,-74.805405,-171.65193,1.646223,-4.283429,65.99283,72.01656,0.0768516,0.07622647,-71.24805,71.24805,5.590111,-24.165216,-72.34555,-168.04495,0.0020862560272216796,1373.6167285442352,480000
72.32717,0.062427618,0.062188912,-71.702896,71.702896,1.2113295,-28.6044,-72.794716,-143.60529,2.7206306,-3.2238336,74.34097,72.781,0.06344342,0.06312628,-72.14656,72.14656,4.722982,-14.079885,-73.0771,-166.30765,0.0020395406723022463,1383.8144376277924,485000
72.19605,0.06899678,0.068713605,-71.50609,71.50609,1.2052528,-12.949338,-72.679016,-171.06548,2.4251564,-5.937828,106.74843,74.256226,0.07693944,0.07555778,-73.48683,73.48683,6.241647,-4.8942614,-74.538864,-150.75142,0.002082766675949097,1394.2282764911652,490000
74.27544,0.06510215,0.06509941,-73.62441,73.62441,0.83763945,-28.19903,-74.730576,-168.66579,1.551106,-3.6626263,71.760284,73.99361,0.07399887,0.07355617,-73.25362,73.25362,4.99319,-28.0543,-74.227234,-143.27884,0.002115615463256836,1404.8063611984253,495000
76.030594,0.06567762,0.0658383,-75.37382,75.37382,0.86620086,-14.739476,-76.44809,-163.2819,1.4813408,-1.8285657,57.060387,73.01998,0.07154616,0.07114317,-72.30452,72.30452,5.3346906,-16.75386,-73.38588,-139.99544,0.002094282579421997,1415.2777800559998,500000
74.73613,0.06256279,0.062266823,-74.110504,74.110504,1.0693521,-25.065674,-75.14415,-166.61389,2.0287275,-4.761592,79.96991,75.55879,0.071266375,0.07141297,-74.84613,74.84613,4.643061,-26.28698,-75.80644,-138.20644,0.016895984315872192,1499.7577075958252,505000
78.18931,0.06668906,0.066403165,-77.522415,77.522415,1.0626365,-5.004093,-78.647354,-170.2543,2.086799,-4.440278,67.64897,73.95749,0.07718748,0.07684516,-73.185616,73.185616,6.37991,-12.860681,-74.32807,-127.006065,0.0020743404865264893,1510.1294150352478,510000
76.34933,0.06927329,0.06915181,-75.65659,75.65659,1.7801695,-24.479523,-76.85579,-161.0891,5.008397,-4.6659465,90.83609,73.43199,0.079821564,0.07991137,-72.63377,72.63377,5.9726005,-20.929386,-73.76746,-148.87025,0.0020789722442626953,1520.5242822170258,515000
73.80211,0.063346684,0.06315055,-73.16864,73.16864,0.970237,-15.228807,-74.29919,-143.07457,4.063242,-2.3879948,74.8499,74.92125,0.07239989,0.072070196,-74.19725,74.19725,5.7203193,-6.1240892,-75.12218,-158.38171,0.002121580410003662,1531.1321895122528,520000
77.88429,0.06794122,0.067610405,-77.20488,77.20488,1.1226919,-21.912685,-78.39621,-174.57407,1.1494982,-7.7015142,75.04172,72.4762,0.07402928,0.07389737,-71.7359,71.7359,6.0952272,-15.178532,-72.82317,-160.9906,0.0020792173862457276,1541.5282816886902,525000
73.5957,0.06801529,0.068203084,-72.91555,72.91555,0.89736724,-16.459549,-74.05316,-176.8225,2.0614736,-1.4537297,66.375786,73.69988,0.06727275,0.06705672,-73.02715,73.02715,6.857912,-21.96693,-74.02791,-142.1982,0.0020764386177062988,1551.9104809761047,530000
79.92197,0.070175305,0.06911863,-79.220215,79.220215,1.1742293,-20.883749,-80.35945,-171.0943,3.2562046,-1.3882289,62.531464,75.49486,0.07500356,0.07607032,-74.74482,74.74482,6.60373,-3.7340965,-75.77637,-141.08383,0.00204440336227417,1562.1325058937073,535000
75.4559,0.065290354,0.06511348,-74.803,74.803,1.145129,-21.099876,-75.97961,-183.96475,1.7977997,-3.4322817,75.76053,72.354836,0.08188938,0.081391305,-71.53594,71.53594,6.126893,-16.557983,-72.65759,-147.3796,0.002064553165435791,1572.4552776813507,540000
75.6452,0.071865454,0.0715544,-74.92655,74.92655,1.1255937,-20.803198,-76.13727,-165.31427,2.9048,-1.7351465,90.46063,77.13511,0.06710754,0.06676811,-76.464035,76.464035,8.527428,-5.637263,-77.448906,-165.45038,0.0020677403450012205,1582.7939848899841,545000
73.9132,0.064137876,0.06423324,-73.27182,73.27182,1.4180092,-13.10029,-74.40671,-187.02135,3.3590276,-3.2514832,109.39401,71.91121,0.068075776,0.06805161,-71.23045,71.23045,4.966717,-20.456217,-72.26801,-155.89148,0.0020763370990753175,1593.1756763458252,550000
76.17956,0.074323274,0.07395368,-75.436325,75.436325,1.3874915,-26.906036,-76.70169,-186.75136,4.9799857,-2.0785713,95.56299,76.79544,0.06657497,0.06644257,-76.12969,76.12969,9.067881,-19.164244,-77.11751,-151.23787,0.0021013549327850343,1603.6824569702148,555000
73.72569,0.067820795,0.06769469,-73.047485,73.047485,1.0330507,-1.7362492,-74.26253,-192.38133,3.5387707,-1.8016741,76.05957,72.022835,0.08522831,0.08517509,-71.170555,71.170555,6.8353763,-7.8783884,-72.27083,-152.68394,0.002077442502975464,1614.0696749687195,560000
73.775826,0.07079722,0.07028999,-73.067856,73.067856,1.1746625,-17.046984,-74.34346,-162.064,6.9603524,-1.5986736,91.80238,74.763306,0.07526972,0.07481463,-74.010605,74.010605,6.244768,-31.144188,-75.0487,-137.94998,0.002111863040924072,1624.6289956569672,565000
73.588295,0.06311595,0.06284382,-72.95714,72.95714,0.95951295,-21.680353,-74.06212,-162.2956,1.624124,-2.7040007,70.39516,72.54625,0.069851615,0.0695347,-71.84773,71.84773,7.7834883,-4.7836957,-72.89262,-155.38501,0.0020894232749938966,1635.0761177539825,570000
73.76081,0.06839809,0.068156146,-73.07683,73.07683,1.7161624,-9.27154,-74.24342,-168.87483,4.8363714,-4.577035,138.43747,72.34898,0.07664673,0.07604936,-71.58252,71.58252,7.551966,-3.6301382,-72.642685,-163.54332,0.0020457031726837157,1645.3046388626099,575000
72.81919,0.06977122,0.069813184,-72.121475,72.121475,1.1022143,-18.854893,-73.36361,-168.17033,1.1213943,-4.2907367,60.705154,73.0497,0.06835467,0.06792333,-72.36615,72.36615,8.221258,-20.512157,-73.347885,-159.36029,0.0020760142326354983,1655.6847162246704,580000
72.586525,0.06769424,0.067397885,-71.909584,71.909584,1.0422258,0.19750416,-73.125656,-171.62471,1.3188616,-2.5372396,57.00067,68.77991,0.0789384,0.07830683,-67.990524,67.990524,4.433572,-17.019596,-69.05452,-150.77608,0.0020836374282836912,1666.1029088497162,585000
71.30523,0.06392186,0.06410665,-70.66601,70.66601,1.0903982,-3.3892822,-71.80136,-147.40495,8.600483,-1.7873489,96.98784,73.11637,0.07257181,0.07207423,-72.390656,72.390656,6.7157803,-26.838444,-73.40059,-140.80338,0.0021119574069976806,1676.6627016067505,590000
76.80416,0.0643883,0.064189985,-76.16028,76.16028,1.0759842,-9.964354,-77.27635,-173.83212,6.007017,-1.3494964,103.64864,73.68827,0.0701244,0.06911712,-72.98703,72.98703,6.690668,-18.6877,-73.953384,-169.76503,0.002033311939239502,1686.8292665481567,595000
76.442635,0.06639724,0.065838,-75.77866,75.77866,0.8581717,-17.993038,-76.88771,-163.37039,1.2372562,-5.117439,83.24403,74.17956,0.067179285,0.06677938,-73.50777,73.50777,6.8280783,-29.561106,-74.446724,-143.20369,0.002056974697113037,1697.1141459941864,600000
74.64697,0.07007105,0.06941294,-73.94626,73.94626,1.0075986,-20.19518,-75.119896,-181.51585,3.1436524,-2.4319315,75.692665,71.17819,0.06927085,0.06915939,-70.48548,70.48548,7.132295,-15.162192,-71.53166,-155.82884,0.01709362726211548,1782.5822885036469,605000
75.5297,0.07063468,0.07060488,-74.82336,74.82336,0.9080503,-23.209557,-76.08568,-165.2706,4.5912538,-0.9638252,75.94593,75.782455,0.0658926,0.0660676,-75.12353,75.12353,6.1607523,-20.421059,-76.16119,-146.98288,0.0021114184856414796,1793.1393873691559,610000
75.58827,0.069282755,0.06909269,-74.89545,74.89545,0.98141193,-13.29064,-76.07125,-158.27802,8.478543,-3.1105375,76.792595,75.726425,0.07074578,0.07140285,-75.01897,75.01897,7.1423364,-25.797941,-75.89963,-151.658,0.0021076503753662107,1803.6776449680328,615000
73.60128,0.07065263,0.07066517,-72.89475,72.89475,1.1185374,-18.562471,-74.19966,-179.15855,1.991125,-2.7128322,72.166214,74.30732,0.07459823,0.07431614,-73.56134,73.56134,6.946719,-25.791536,-74.601715,-145.425,0.002099475526809692,1814.1750285625458,620000
74.91181,0.06216575,0.0622723,-74.29015,74.29015,1.1307316,-0.32411027,-75.35731,-172.45561,2.1536913,-4.271245,85.84812,74.62101,0.06914292,0.06848669,-73.92958,73.92958,7.314286,-15.851641,-74.87642,-138.6285,0.0020896557331085207,1824.6233131885529,625000
74.30286,0.065565005,0.06537261,-73.64721,73.64721,1.473092,-10.0187435,-74.808014,-155.29607,7.7429037,-6.0090384,170.68106,73.55008,0.06342806,0.06334812,-72.9158,72.9158,5.3767138,-7.2933025,-73.79524,-171.47368,0.002116245126724243,1835.2045464515686,630000
76.617195,0.06126013,0.06150758,-76.00459,76.00459,0.88142806,-24.824896,-77.05631,-172.75697,2.0508468,-10.327238,108.96649,77.364235,0.07818831,0.077450685,-76.58235,76.58235,5.350407,-17.338312,-77.48041,-138.17084,0.0020851429462432863,1845.6302671432495,635000
75.584625,0.075016685,0.07485496,-74.83446,74.83446,1.0101974,-5.530678,-76.12633,-159.1572,1.6107053,-3.6265225,63.61393,75.9421,0.08054562,0.08055303,-75.13664,75.13664,7.715728,-13.587931,-76.19923,-154.75456,0.002162630558013916,1856.4434258937836,640000
77.89627,0.07169052,0.07130277,-77.17937,77.17937,0.9669397,0.14509177,-78.4159,-169.96762,2.101527,-4.1370745,74.93617,78.340454,0.08083204,0.08063352,-77.532135,77.532135,7.9462833,-17.959507,-78.597984,-160.91162,0.0021735873222351073,1867.3113689422607,645000
76.7239,0.06751948,0.06761583,-76.048706,76.048706,1.1518092,-20.101192,-77.23898,-188.99579,5.6025333,-2.3018494,129.47905,76.85486,0.07884983,0.07819543,-76.06636,76.06636,9.178111,-18.724335,-77.06209,-154.94295,0.002166093921661377,1878.141844511032,650000
74.98342,0.061760392,0.062000502,-74.365814,74.365814,1.0383204,-19.965818,-75.39517,-169.97371,3.9115584,-5.300139,109.49509,77.91232,0.07526335,0.07551382,-77.15969,77.15969,9.018362,-21.453964,-78.025696,-146.2196,0.0021791605472564696,1889.0376534461975,655000
82.26999,0.061692625,0.06201116,-81.65306,81.65306,1.0339024,-1.6487262,-82.674774,-175.49843,1.3622035,-2.9363801,66.930786,80.10569,0.06403091,0.06384818,-79.46538,79.46538,7.6351767,-36.54506,-80.32931,-156.6075,0.0021566298007965087,1899.8208079338074,660000
79.7921,0.0656801,0.0652164,-79.1353,79.1353,1.3033583,-17.085426,-80.26474,-184.81525,3.276769,-7.5554247,103.623955,75.82145,0.071917586,0.07139527,-75.10227,75.10227,8.047702,-30.24819,-76.10264,-169.18135,0.0021713826656341553,1910.6777272224426,665000
77.85047,0.06654144,0.0664926,-77.18506,77.18506,1.2351553,-26.722488,-78.37878,-172.11676,3.5018406,-1.3091784,78.23271,77.86954,0.07358911,0.07347232,-77.133644,77.133644,9.254881,-28.869198,-78.11551,-164.55707,0.002125995683670044,1921.3077116012573,670000
80.81657,0.0675261,0.06751644,-80.141304,80.141304,1.0805511,-0.11999601,-81.26083,-182.95723,4.6387625,-3.7104578,107.071365,80.830795,0.07704976,0.07258616,-80.060295,80.060295,11.302641,-23.900284,-80.899216,-157.69992,0.002081517744064331,1931.715306520462,675000
79.398544,0.06600013,0.06580233,-78.73854,78.73854,1.1198705,-0.38462865,-79.929405,-172.9424,3.4688957,-1.3617094,67.122665,79.886925,0.06647611,0.06634907,-79.22216,79.22216,8.523741,-16.364653,-80.151054,-149.52023,0.002175896883010864,1942.5947966575623,680000
79.30165,0.06820034,0.06797933,-78.619644,78.619644,1.1708338,-22.96728,-79.82533,-176.3546,0.94519955,-4.227574,66.80119,78.61678,0.0676507,0.067373365,-77.94028,77.94028,9.721609,-27.528662,-78.90593,-151.09094,0.0021226669788360596,1953.208137512207,685000
79.668945,0.06607293,0.06547046,-79.00822,79.00822,1.8352909,-17.636154,-80.19058,-185.94109,6.812599,-9.007283,141.41295,78.292114,0.07499277,0.074911535,-77.54218,77.54218,12.861661,-8.631817,-78.43907,-160.09285,0.0021169517993927,1963.7929019927979,690000
78.62854,0.06884035,0.06866562,-77.94014,77.94014,1.32699,0.081508756,-79.08013,-189.62999,3.0935655,-1.0990819,72.22113,78.09279,0.07480844,0.074496225,-77.3447,77.3447,8.109694,-23.49095,-78.27293,-151.09435,0.002128022527694702,1974.4330205917358,695000
78.81841,0.06827956,0.06811976,-78.13562,78.13562,1.4185075,-15.847881,-79.296005,-181.93178,2.2279892,-4.9000006,93.46179,78.4933,0.06557304,0.06548216,-77.83757,77.83757,10.709226,-27.007195,-78.79118,-158.50385,0.0021376574516296385,1985.1213150024414,700000
76.25685,0.06715243,0.066971496,-75.58533,75.58533,1.3634955,-19.513605,-76.83657,-169.08093,7.3697824,-1.516938,86.592926,78.4289,0.076993786,0.07594043,-77.658966,77.658966,8.756876,-26.62831,-78.545364,-155.48795,0.01678114900588989,2069.027066230774,705000
79.524666,0.05233202,0.05221274,-79.00134,79.00134,1.859298,-16.125986,-79.9371,-187.47546,3.134288,-2.7132645,84.877304,80.03594,0.06671523,0.06675068,-79.36879,79.36879,8.324732,-36.132675,-80.247925,-153.34518,0.0021188371658325197,2079.6212582588196,710000
76.25918,0.068656504,0.067881174,-75.57262,75.57262,1.3692513,-27.408875,-76.819145,-145.85828,1.6951455,-6.5682106,92.58525,74.58248,0.076392524,0.07584815,-73.81856,73.81856,8.887728,-24.595455,-74.84038,-164.14185,0.002105379152297974,2090.148159980774,715000
80.51276,0.061051436,0.060524125,-79.902245,79.902245,1.182956,-13.787631,-80.95697,-175.59984,4.948838,-2.8719654,118.67834,79.75976,0.07042279,0.069496445,-79.05553,79.05553,10.113867,-19.411404,-79.77727,-158.23166,0.0021199357986450194,2100.747844696045,720000
79.65999,0.060810573,0.060646977,-79.05188,79.05188,1.0847222,-19.583546,-80.10651,-161.65117,3.1373644,-3.667838,62.10441,79.89419,0.071625724,0.07172341,-79.17793,79.17793,11.933153,-22.311216,-80.106155,-149.39137,0.0021337236404418945,2111.4164683818817,725000
76.555855,0.06464954,0.06437782,-75.90936,75.90936,2.3215537,-22.084541,-77.111465,-188.22212,9.391158,-13.450867,234.05548,77.19497,0.0684883,0.06783799,-76.510086,76.510086,11.340033,-17.79601,-77.458244,-163.57121,0.0020950465202331544,2121.8917067050934,730000
78.5393,0.06709503,0.066819295,-77.86835,77.86835,1.145496,-28.099842,-79.02997,-165.88362,3.9259493,-1.0503656,72.28973,78.67153,0.06549606,0.06533328,-78.01657,78.01657,10.015206,-17.861763,-78.95883,-152.52074,0.0020997774600982665,2132.3906004428864,735000
79.82224,0.06625645,0.065840274,-79.159676,79.159676,1.6752095,-15.3459635,-80.29523,-170.56938,3.9627662,-8.839934,121.293945,77.56467,0.07055902,0.06999435,-76.85908,76.85908,9.53667,-16.142345,-77.80022,-165.17645,0.002132421064376831,2143.0527119636536,740000
79.298096,0.06523713,0.065408535,-78.64572,78.64572,1.1751468,-24.326801,-79.73961,-173.19505,3.1683788,-4.9168825,82.02673,79.04836,0.06725281,0.066984884,-78.37583,78.37583,9.243208,-11.475661,-79.30698,-165.18048,0.0021274420261383057,2153.689927339554,745000
79.22785,0.07045368,0.070667826,-78.523315,78.523315,1.447833,-32.23681,-79.7966,-178.19849,3.059719,-1.4706594,75.00394,77.00173,0.06528895,0.06434921,-76.34884,76.34884,10.116089,-17.549501,-77.11266,-172.6616,0.002111126232147217,2164.2455632686615,750000
78.380135,0.06720406,0.06703242,-77.70809,77.70809,1.2938294,-21.150084,-78.9152,-180.60657,3.4230447,-3.5467935,68.868454,76.362625,0.074989006,0.07420899,-75.61273,75.61273,12.941015,-15.45859,-76.56419,-145.80717,0.002083726930618286,2174.6642034053802,755000
78.39133,0.06729039,0.06676665,-77.71842,77.71842,1.862222,-19.361694,-78.92711,-180.77872,1.8872918,-1.4113915,77.20924,78.255135,0.072003655,0.07170594,-77.535095,77.535095,9.41179,-7.7827044,-78.437004,-175.45139,0.002088921546936035,2185.1088168621063,760000
80.6976,0.060866017,0.060395278,-80.08894,80.08894,1.4044083,-19.426935,-81.11624,-187.73364,2.811233,-9.510315,104.63313,81.10031,0.062086295,0.0620505,-80.47945,80.47945,12.84828,-25.35759,-81.284256,-162.1655,0.0021311298847198484,2195.76447224617,765000
77.93112,0.062423516,0.061739076,-77.306885,77.306885,1.5568306,-27.155813,-78.38606,-177.11002,3.0834424,-9.785669,167.38095,79.93917,0.07373069,0.07391294,-79.201866,79.201866,13.847952,-6.189955,-80.13933,-165.93295,0.0020851831912994385,2206.1903941631317,770000
80.8676,0.06362129,0.06365627,-80.231384,80.231384,0.99521065,-20.803062,-81.30323,-147.24998,3.769122,-1.0556551,73.79289,83.20272,0.06822889,0.06786631,-82.52043,82.52043,11.970335,-6.631211,-83.39853,-158.85796,0.0020844808101654053,2216.6128034591675,775000
79.9907,0.057936937,0.057408553,-79.41133,79.41133,1.2389327,-16.411734,-80.33002,-181.55624,6.8030834,-13.03363,141.14389,82.27034,0.059176303,0.0596645,-81.67857,81.67857,8.250782,-25.017683,-82.44627,-148.64688,0.002066220235824585,2226.9439103603363,780000
80.55744,0.07077713,0.07104529,-79.84967,79.84967,1.9085761,-21.093483,-81.06512,-180.78482,8.3193035,-11.525991,120.985756,80.024315,0.061037447,0.06123516,-79.41394,79.41394,10.401808,-3.8705068,-80.21719,-166.35849,0.0020341976642608644,2237.1149039268494,785000
78.88255,0.06469656,0.06426146,-78.23559,78.23559,1.2648113,-25.296307,-79.35314,-160.35442,1.909205,-2.2586055,70.36807,79.48511,0.0630967,0.06283039,-78.85414,78.85414,13.196722,-29.622105,-79.72714,-143.08865,0.0020901272773742674,2247.565546989441,790000
82.66731,0.06926578,0.06952866,-81.974655,81.974655,1.4957969,-27.287914,-83.105774,-166.49542,11.805647,-3.85115,117.26102,82.88001,0.06552567,0.063803636,-82.224754,82.224754,14.068281,-22.680313,-83.09435,-157.36015,0.0020929272174835204,2258.030189037323,795000
82.29819,0.057999324,0.057551492,-81.71819,81.71819,1.450423,-25.800764,-82.71011,-185.63643,3.2938933,-3.2709272,83.68938,83.808685,0.06687815,0.06628426,-83.1399,83.1399,13.3363,-34.393578,-83.78692,-159.4282,0.002107523536682129,2268.5678124427795,800000
82.36272,0.06469046,0.06386334,-81.71581,81.71581,1.9245608,-2.2575018,-82.87344,-172.08717,2.8177004,-10.570359,148.13367,82.95317,0.06358141,0.06335058,-82.31736,82.31736,9.981731,-25.239834,-83.15443,-174.66492,0.01701442437171936,2353.6399400234222,805000
84.03319,0.058242727,0.058171142,-83.45076,83.45076,2.019562,-0.5635558,-84.484474,-173.1788,6.7811794,-2.2239482,121.16595,83.727005,0.065058686,0.06441068,-83.076416,83.076416,11.802437,-16.587635,-83.85304,-157.95584,0.0021250669479370115,2364.265280723572,810000
84.161316,0.0586916,0.058575284,-83.5744,83.5744,1.1539665,-1.3343945,-84.61543,-178.95322,2.0220418,-7.6651826,109.4494,80.91225,0.06393547,0.063329674,-80.27289,80.27289,13.457096,-18.951487,-81.16048,-162.06097,0.0020975664138793947,2374.753118991852,815000
82.99558,0.059996583,0.059838463,-82.395615,82.395615,1.4710872,-12.47696,-83.45479,-162.83801,8.505533,-5.083682,127.29306,84.40123,0.053403866,0.05317525,-83.86719,83.86719,11.134366,-27.75195,-84.557655,-172.09082,0.002110359287261963,2385.3049218654633,820000
80.17364,0.06531302,0.06522494,-79.52051,79.52051,1.1839453,-16.74379,-80.63588,-170.90024,3.9100366,-2.1644928,95.909744,85.20739,0.074327014,0.07411584,-84.46412,84.46412,15.305238,-17.866364,-85.23073,-151.78203,0.002143017292022705,2396.0200140476227,825000
83.79548,0.05728754,0.057275314,-83.2226,83.2226,1.5033026,-15.149348,-84.212006,-163.03731,13.42914,-5.0396147,114.1914,82.49511,0.06768649,0.06750541,-81.818245,81.818245,10.228543,-13.970661,-82.63812,-170.35477,0.002136089849472046,2406.7004697322845,830000
84.93369,0.06205524,0.061903,-84.31314,84.31314,1.9055715,-17.467722,-85.40886,-175.46861,8.014385,-3.306322,97.66196,82.4164,0.06992234,0.068744235,-81.71717,81.71717,14.94622,-6.1088715,-82.599014,-152.20973,0.0021113776683807373,2417.2573630809784,835000
83.41107,0.060623556,0.060539436,-82.80483,82.80483,1.2725673,-23.849823,-83.85301,-184.22906,6.6474495,-6.8701124,136.77371,84.27784,0.066461146,0.0663369,-83.61323,83.61323,22.665585,-24.053715,-84.47808,-154.4658,0.0021581005573272703,2428.0478711128235,840000
84.19799,0.06771425,0.06721906,-83.52085,83.52085,1.4437007,-12.129715,-84.693275,-187.332,3.1200397,-1.9497124,92.79604,86.189316,0.069012634,0.06922562,-85.49919,85.49919,15.06538,-3.960424,-86.280914,-149.68147,0.00212315878868103,2438.6636712551117,845000
83.21898,0.06195429,0.06182766,-82.599434,82.599434,2.9706912,-24.267757,-83.723,-162.08372,19.366266,-3.9869075,165.49022,83.35484,0.06334904,0.06274667,-82.72135,82.72135,15.594208,-17.914694,-83.515045,-156.00801,0.0021200509548187254,2449.263931274414,850000
79.39482,0.065076046,0.064613104,-78.744064,78.744064,1.5236742,-4.7846107,-79.88303,-150.80217,9.623974,-3.1922908,102.80232,84.20035,0.06972216,0.06829917,-83.50313,83.50313,12.322237,-18.648792,-84.23222,-156.86551,0.0020625657081604003,2459.576765537262,855000
84.01786,0.063622355,0.06326158,-83.38164,83.38164,1.9531717,-27.681868,-84.511505,-173.83363,7.9158664,-3.183875,125.25394,81.77081,0.067783654,0.06725207,-81.09298,81.09298,12.575367,-15.103137,-81.75661,-154.85405,0.002055664587020874,2469.8550939559937,860000
85.21802,0.062700264,0.06248444,-84.59102,84.59102,1.306808,-23.248594,-85.66916,-181.14432,3.406096,-8.790477,140.52065,85.3961,0.07186402,0.07161271,-84.67746,84.67746,13.716417,-31.244432,-85.44006,-159.97447,0.0021161282062530516,2480.4357409477234,865000
86.96017,0.06075071,0.060000103,-86.35266,86.35266,1.2750204,-17.672197,-87.366264,-177.50653,3.980855,-4.474331,88.03661,82.23962,0.065755896,0.0658144,-81.582054,81.582054,13.365482,-22.213457,-82.38756,-167.79005,0.002161576795578003,2491.2436316013336,870000
88.07981,0.059792962,0.059620183,-87.48188,87.48188,1.3771414,-10.506895,-88.47523,-179.4164,3.3475325,-8.026896,132.19315,85.58942,0.058935393,0.058433603,-85.00006,85.00006,14.210293,-20.375889,-85.79825,-162.71614,0.0021493350505828856,2501.990312576294,875000
85.73038,0.06327068,0.063387565,-85.09767,85.09767,1.3705325,-13.919753,-86.18831,-187.22409,7.660751,-9.53884,143.75981,84.39145,0.066002645,0.06558314,-83.73142,83.73142,14.385961,-19.810236,-84.48251,-154.16426,0.0021230484008789062,2512.605560541153,880000
91.62483,0.057716023,0.057820477,-91.04767,91.04767,1.2526271,-21.350351,-92.017456,-180.15002,4.176214,-5.814521,84.808945,86.369,0.068070866,0.06764244,-85.68829,85.68829,15.800938,-14.085872,-86.4794,-154.10725,0.002124921464920044,2523.2301733493805,885000
85.21214,0.061582733,0.061234236,-84.59631,84.59631,1.2269797,-13.97394,-85.71276,-179.27386,9.1598835,-6.15889,111.57056,83.02601,0.06865954,0.06843522,-82.33942,82.33942,14.457187,-24.358858,-83.05455,-147.6936,0.002168527364730835,2534.072816133499,890000
84.22359,0.06716435,0.06663311,-83.55194,83.55194,1.3656291,-29.528862,-84.64949,-185.69781,7.7730937,-4.9123936,130.56105,84.63943,0.075502135,0.075692885,-83.88441,83.88441,15.841569,-4.5643644,-84.67349,-158.65187,0.0020938899517059326,2544.5422732830048,895000
85.21221,0.06002101,0.060052868,-84.612,84.612,1.7207562,-14.5591,-85.64046,-163.75,1.4137315,-14.473393,100.53942,84.4177,0.064066045,0.06389832,-83.77704,83.77704,12.576284,-17.633165,-84.50766,-156.74861,0.0021170172691345216,2555.127366065979,900000
85.78989,0.06157523,0.061564874,-85.17413,85.17413,1.912861,-11.492622,-86.264404,-179.63802,3.4072096,-6.5994935,116.96554,87.30897,0.07059899,0.06876259,-86.602974,86.602974,17.46855,-25.676437,-87.391235,-159.16566,0.017111161375045775,2640.683178424835,905000
84.750854,0.062268186,0.062431283,-84.128174,84.128174,1.3364193,-22.28532,-85.2499,-174.94174,2.7591274,-5.723199,118.83512,86.41554,0.06482341,0.06451332,-85.76731,85.76731,13.931057,-36.71655,-86.471405,-179.97455,0.0020305784225463867,2650.836076974869,910000
85.03328,0.055350985,0.05466339,-84.47977,84.47977,1.3842807,-13.871447,-85.44202,-177.14896,10.1636095,-1.1231666,93.38732,86.5521,0.06645701,0.06600069,-85.88753,85.88753,15.108016,-26.264885,-86.63842,-166.74402,0.0021058934211730957,2661.3655500411987,915000
84.87819,0.06396722,0.06396949,-84.23852,84.23852,1.5882988,-12.810968,-85.36423,-183.43095,6.7108793,-6.527847,153.7652,87.35075,0.06753764,0.06757672,-86.67538,86.67538,19.644451,-36.156303,-87.38792,-150.495,0.0021045803070068357,2671.8884568214417,920000
84.10958,0.058540918,0.058350284,-83.52417,83.52417,1.5261052,-33.717735,-84.56555,-176.41481,9.708771,-2.575166,143.12689,87.122986,0.06659686,0.06629656,-86.457016,86.457016,13.508233,-33.436428,-87.19886,-159.79222,0.002099624252319336,2682.386583328247,925000
85.5429,0.061092164,0.061320927,-84.93198,84.93198,1.5171127,-0.2672432,-85.96779,-188.45995,2.45512,-3.3254213,79.80297,83.740005,0.06344769,0.063491,-83.10553,83.10553,12.481211,-25.268547,-83.91365,-163.23468,0.0020123197078704834,2692.448187351227,930000
84.10008,0.06504387,0.06518602,-83.449646,83.449646,1.6076583,-30.032732,-84.6156,-182.76355,7.434655,-5.373871,120.601364,87.11523,0.06675627,0.06683216,-86.44766,86.44766,16.8873,-12.135186,-87.18877,-183.23816,0.002064399814605713,2702.77019238472,935000
87.064316,0.062336244,0.062198486,-86.440956,86.440956,1.269034,-31.1478,-87.52803,-190.8868,7.355238,-7.6926317,118.7627,86.40067,0.070569985,0.06922325,-85.69498,85.69498,16.860485,-34.31947,-86.47101,-152.77327,0.002084985113143921,2713.1951241493225,940000
87.96565,0.056680508,0.056415536,-87.39885,87.39885,1.3086773,-22.322155,-88.36621,-195.42857,4.029567,-3.1870434,105.71773,88.71145,0.059047546,0.059967894,-88.12097,88.12097,16.515047,-17.323156,-88.71725,-162.55136,0.0020858391761779784,2723.62432718277,945000
85.34656,0.06532528,0.06493578,-84.693306,84.693306,1.2911592,-16.395794,-85.78909,-182.36777,2.1521254,-10.006686,92.33584,88.67956,0.06874635,0.06713485,-87.992096,87.992096,14.785818,-20.639067,-88.65165,-179.51352,0.0020976248264312743,2734.1124579906464,950000
84.89406,0.064760245,0.06448902,-84.24645,84.24645,1.9863204,-0.8869352,-85.38,-189.64975,6.5985017,-2.61023,132.0404,89.66433,0.063243546,0.06213496,-89.03189,89.03189,17.296024,-9.13025,-89.71615,-179.49881,0.0020996800899505614,2744.610863685608,955000
88.548134,0.058557667,0.0579908,-87.962555,87.962555,1.481967,0.30707324,-88.97631,-195.23291,1.5434331,-2.6256087,84.181564,87.98805,0.060596216,0.0602673,-87.38209,87.38209,14.693652,-20.718647,-88.19386,-163.80885,0.0020484126091003417,2754.8529324531555,960000
88.253914,0.0557926,0.055555236,-87.69599,87.69599,1.4359099,-27.43643,-88.667816,-181.4969,5.1854067,-14.415157,121.57512,88.95066,0.071645446,0.071090296,-88.23421,88.23421,16.7719,-13.934692,-88.989,-166.7673,0.0021019526958465577,2765.3627026081085,965000
87.1015,0.059921183,0.05987945,-86.50229,86.50229,1.6423255,-24.934196,-87.54503,-194.54807,11.72805,-3.454517,186.67183,85.26506,0.063156106,0.06327284,-84.6335,84.6335,17.541162,-9.651792,-85.32957,-163.51093,0.0021621579170227052,2776.1734986305237,970000
85.97561,0.059293497,0.05916618,-85.382675,85.382675,1.6917608,-30.71771,-86.40228,-195.52203,9.500605,-6.9109473,137.17216,88.47702,0.062086094,0.061849277,-87.85616,87.85616,14.445429,-12.925632,-88.56464,-157.09882,0.002112115478515625,2786.7340812683105,975000
86.2468,0.06186498,0.06184752,-85.62815,85.62815,1.3667848,-18.180132,-86.7377,-187.34436,8.009308,-5.032899,107.698425,90.83117,0.061477996,0.0617571,-90.21639,90.21639,15.088392,-30.16151,-90.825584,-178.10287,0.00208946852684021,2797.181429386139,980000
91.75066,0.06062193,0.060415775,-91.14445,91.14445,1.2127013,-18.39932,-92.145325,-191.73866,2.6640706,-6.5872173,83.6075,91.35236,0.06098428,0.060898613,-90.74252,90.74252,17.776257,-10.004453,-91.447754,-162.72885,0.0020932689666748046,2807.647779941559,985000
89.06816,0.06365706,0.06273959,-88.43159,88.43159,1.5229975,-0.9575416,-89.59994,-175.12027,4.1583495,-2.4910097,90.90674,88.173615,0.06764089,0.06675426,-87.49721,87.49721,18.09185,-13.123848,-88.26656,-156.77618,0.0021096635818481447,2818.1961040496826,990000
85.2092,0.06560836,0.0645902,-84.553116,84.553116,1.4160337,-6.1654058,-85.71898,-179.17595,1.82605,-3.2254362,86.278244,87.97851,0.08027815,0.07964423,-87.17573,87.17573,18.226908,-15.317742,-87.86876,-166.88464,0.002073469305038452,2828.563455581665,995000
86.69145,0.05790615,0.057485577,-86.11239,86.11239,1.0266547,-26.508217,-87.08791,-192.7516,3.512402,-4.8917565,98.46961,88.02513,0.07273485,0.07199326,-87.29778,87.29778,20.944965,-19.855955,-88.02831,-162.76805,0.0020817415237426758,2838.9721689224243,1000000
